{
    "version":            "1",
    "project_name":       "bootloader",
    "project_version":    "v5.0.6-dirty",
    "project_path":       "C:/Users/Abdus/Documents/GitHub/esp-at/esp-idf/components/bootloader/subproject",
    "idf_path":           "C:/Users/Abdus/Documents/GitHub/esp-at/esp-idf",
    "build_dir":          "C:/Users/Abdus/Documents/GitHub/esp-at/build/bootloader",
    "config_file":        "C:/Users/Abdus/Documents/GitHub/esp-at/sdkconfig",
    "config_defaults":    "",
    "bootloader_elf":     "",
    "app_elf":            "bootloader.elf",
    "app_bin":            "bootloader.bin",
    "git_revision":       "v5.0.6-dirty",
    "target":             "esp32c3",
    "rev":                "",
    "min_rev":            "3",
    "max_rev":            "199",
    "phy_data_partition": "",
    "monitor_baud" :      "115200",
    "monitor_toolprefix": "riscv32-esp-elf-",
    "c_compiler":         "C:/Users/Abdus/.espressif/tools/riscv32-esp-elf/esp-2022r1-11.2.0/riscv32-esp-elf/bin/riscv32-esp-elf-gcc.exe",
    "config_environment" : {
        "COMPONENT_KCONFIGS" : "C:/Users/Abdus/Documents/GitHub/esp-at/esp-idf/components/efuse/Kconfig;C:/Users/Abdus/Documents/GitHub/esp-at/esp-idf/components/esp_common/Kconfig;C:/Users/Abdus/Documents/GitHub/esp-at/esp-idf/components/esp_hw_support/Kconfig;C:/Users/Abdus/Documents/GitHub/esp-at/esp-idf/components/esp_system/Kconfig;C:/Users/Abdus/Documents/GitHub/esp-at/esp-idf/components/freertos/Kconfig;C:/Users/Abdus/Documents/GitHub/esp-at/esp-idf/components/hal/Kconfig;C:/Users/Abdus/Documents/GitHub/esp-at/esp-idf/components/log/Kconfig;C:/Users/Abdus/Documents/GitHub/esp-at/esp-idf/components/newlib/Kconfig;C:/Users/Abdus/Documents/GitHub/esp-at/esp-idf/components/soc/Kconfig;C:/Users/Abdus/Documents/GitHub/esp-at/esp-idf/components/spi_flash/Kconfig;C:/Users/Abdus/Documents/GitHub/esp-at/esp-idf/components/bootloader/subproject/managed_components/espressif__cmake_utilities/Kconfig",
        "COMPONENT_KCONFIGS_PROJBUILD" : "C:/Users/Abdus/Documents/GitHub/esp-at/esp-idf/components/bootloader/Kconfig.projbuild;C:/Users/Abdus/Documents/GitHub/esp-at/esp-idf/components/esp_app_format/Kconfig.projbuild;C:/Users/Abdus/Documents/GitHub/esp-at/esp-idf/components/esp_rom/Kconfig.projbuild;C:/Users/Abdus/Documents/GitHub/esp-at/esp-idf/components/esptool_py/Kconfig.projbuild;C:/Users/Abdus/Documents/GitHub/esp-at/esp-idf/components/partition_table/Kconfig.projbuild;C:/Users/Abdus/Documents/GitHub/esp-at/esp-idf/components/bootloader/subproject/managed_components/espressif__bootloader_support_plus/Kconfig.projbuild"
    },
    "common_component_reqs": [ "log", "esp_rom", "esp_common", "esp_hw_support", "newlib", "riscv" ],
    "build_components" : [ "bootloader", "bootloader_support", "efuse", "esp_app_format", "esp_common", "esp_hw_support", "esp_rom", "esp_system", "espressif__bootloader_support_plus", "espressif__cmake_utilities", "espressif__xz", "esptool_py", "freertos", "hal", "log", "main", "micro-ecc", "newlib", "partition_table", "riscv", "soc", "spi_flash", "" ],
    "build_component_paths" : [ "C:/Users/Abdus/Documents/GitHub/esp-at/esp-idf/components/bootloader", "C:/Users/Abdus/Documents/GitHub/esp-at/esp-idf/components/bootloader_support", "C:/Users/Abdus/Documents/GitHub/esp-at/esp-idf/components/efuse", "C:/Users/Abdus/Documents/GitHub/esp-at/esp-idf/components/esp_app_format", "C:/Users/Abdus/Documents/GitHub/esp-at/esp-idf/components/esp_common", "C:/Users/Abdus/Documents/GitHub/esp-at/esp-idf/components/esp_hw_support", "C:/Users/Abdus/Documents/GitHub/esp-at/esp-idf/components/esp_rom", "C:/Users/Abdus/Documents/GitHub/esp-at/esp-idf/components/esp_system", "C:/Users/Abdus/Documents/GitHub/esp-at/esp-idf/components/bootloader/subproject/managed_components/espressif__bootloader_support_plus", "C:/Users/Abdus/Documents/GitHub/esp-at/esp-idf/components/bootloader/subproject/managed_components/espressif__cmake_utilities", "C:/Users/Abdus/Documents/GitHub/esp-at/esp-idf/components/bootloader/subproject/managed_components/espressif__xz", "C:/Users/Abdus/Documents/GitHub/esp-at/esp-idf/components/esptool_py", "C:/Users/Abdus/Documents/GitHub/esp-at/esp-idf/components/freertos", "C:/Users/Abdus/Documents/GitHub/esp-at/esp-idf/components/hal", "C:/Users/Abdus/Documents/GitHub/esp-at/esp-idf/components/log", "C:/Users/Abdus/Documents/GitHub/esp-at/bootloader_components/main", "C:/Users/Abdus/Documents/GitHub/esp-at/esp-idf/components/bootloader/subproject/components/micro-ecc", "C:/Users/Abdus/Documents/GitHub/esp-at/esp-idf/components/newlib", "C:/Users/Abdus/Documents/GitHub/esp-at/esp-idf/components/partition_table", "C:/Users/Abdus/Documents/GitHub/esp-at/esp-idf/components/riscv", "C:/Users/Abdus/Documents/GitHub/esp-at/esp-idf/components/soc", "C:/Users/Abdus/Documents/GitHub/esp-at/esp-idf/components/spi_flash", "" ],
    "build_component_info" : {
        "bootloader": {
            "alias": "idf::bootloader",
            "target": "___idf_bootloader",
            "prefix": "idf",
            "dir": "C:/Users/Abdus/Documents/GitHub/esp-at/esp-idf/components/bootloader",
            "type": "CONFIG_ONLY",
            "lib": "__idf_bootloader",
            "reqs": [],
            "priv_reqs": [ "partition_table", "esptool_py" ],
            "managed_reqs": [],
            "managed_priv_reqs": [],
            "file": "",
            "sources": [],
            "include_dirs": []
        },
        "bootloader_support": {
            "alias": "idf::bootloader_support",
            "target": "___idf_bootloader_support",
            "prefix": "idf",
            "dir": "C:/Users/Abdus/Documents/GitHub/esp-at/esp-idf/components/bootloader_support",
            "type": "LIBRARY",
            "lib": "__idf_bootloader_support",
            "reqs": [ "soc" ],
            "priv_reqs": [ "micro-ecc", "spi_flash", "efuse", "esp_app_format", "hal" ],
            "managed_reqs": [],
            "managed_priv_reqs": [],
            "file": "C:/Users/Abdus/Documents/GitHub/esp-at/build/bootloader/esp-idf/bootloader_support/libbootloader_support.a",
            "sources": [ "C:/Users/Abdus/Documents/GitHub/esp-at/esp-idf/components/bootloader_support/src/bootloader_common.c", "C:/Users/Abdus/Documents/GitHub/esp-at/esp-idf/components/bootloader_support/src/bootloader_common_loader.c", "C:/Users/Abdus/Documents/GitHub/esp-at/esp-idf/components/bootloader_support/src/bootloader_clock_init.c", "C:/Users/Abdus/Documents/GitHub/esp-at/esp-idf/components/bootloader_support/bootloader_flash/src/bootloader_flash.c", "C:/Users/Abdus/Documents/GitHub/esp-at/esp-idf/components/bootloader_support/src/bootloader_mem.c", "C:/Users/Abdus/Documents/GitHub/esp-at/esp-idf/components/bootloader_support/src/bootloader_random.c", "C:/Users/Abdus/Documents/GitHub/esp-at/esp-idf/components/bootloader_support/src/bootloader_random_esp32c3.c", "C:/Users/Abdus/Documents/GitHub/esp-at/esp-idf/components/bootloader_support/src/bootloader_utility.c", "C:/Users/Abdus/Documents/GitHub/esp-at/esp-idf/components/bootloader_support/src/esp_image_format.c", "C:/Users/Abdus/Documents/GitHub/esp-at/esp-idf/components/bootloader_support/src/flash_encrypt.c", "C:/Users/Abdus/Documents/GitHub/esp-at/esp-idf/components/bootloader_support/src/secure_boot.c", "C:/Users/Abdus/Documents/GitHub/esp-at/esp-idf/components/bootloader_support/src/flash_partitions.c", "C:/Users/Abdus/Documents/GitHub/esp-at/esp-idf/components/bootloader_support/bootloader_flash/src/flash_qio_mode.c", "C:/Users/Abdus/Documents/GitHub/esp-at/esp-idf/components/bootloader_support/bootloader_flash/src/bootloader_flash_config_esp32c3.c", "C:/Users/Abdus/Documents/GitHub/esp-at/esp-idf/components/bootloader_support/src/bootloader_efuse.c", "C:/Users/Abdus/Documents/GitHub/esp-at/esp-idf/components/bootloader_support/src/bootloader_init.c", "C:/Users/Abdus/Documents/GitHub/esp-at/esp-idf/components/bootloader_support/src/bootloader_clock_loader.c", "C:/Users/Abdus/Documents/GitHub/esp-at/esp-idf/components/bootloader_support/src/bootloader_console.c", "C:/Users/Abdus/Documents/GitHub/esp-at/esp-idf/components/bootloader_support/src/bootloader_console_loader.c", "C:/Users/Abdus/Documents/GitHub/esp-at/esp-idf/components/bootloader_support/src/bootloader_panic.c", "C:/Users/Abdus/Documents/GitHub/esp-at/esp-idf/components/bootloader_support/src/esp32c3/bootloader_sha.c", "C:/Users/Abdus/Documents/GitHub/esp-at/esp-idf/components/bootloader_support/src/esp32c3/bootloader_soc.c", "C:/Users/Abdus/Documents/GitHub/esp-at/esp-idf/components/bootloader_support/src/esp32c3/bootloader_esp32c3.c" ],
            "include_dirs": [ "include", "bootloader_flash/include", "private_include" ]
        },
        "efuse": {
            "alias": "idf::efuse",
            "target": "___idf_efuse",
            "prefix": "idf",
            "dir": "C:/Users/Abdus/Documents/GitHub/esp-at/esp-idf/components/efuse",
            "type": "LIBRARY",
            "lib": "__idf_efuse",
            "reqs": [],
            "priv_reqs": [ "bootloader_support", "soc", "spi_flash" ],
            "managed_reqs": [],
            "managed_priv_reqs": [],
            "file": "C:/Users/Abdus/Documents/GitHub/esp-at/build/bootloader/esp-idf/efuse/libefuse.a",
            "sources": [ "C:/Users/Abdus/Documents/GitHub/esp-at/esp-idf/components/efuse/esp32c3/esp_efuse_table.c", "C:/Users/Abdus/Documents/GitHub/esp-at/esp-idf/components/efuse/esp32c3/esp_efuse_fields.c", "C:/Users/Abdus/Documents/GitHub/esp-at/esp-idf/components/efuse/esp32c3/esp_efuse_rtc_calib.c", "C:/Users/Abdus/Documents/GitHub/esp-at/esp-idf/components/efuse/esp32c3/esp_efuse_utility.c", "C:/Users/Abdus/Documents/GitHub/esp-at/esp-idf/components/efuse/src/esp_efuse_api.c", "C:/Users/Abdus/Documents/GitHub/esp-at/esp-idf/components/efuse/src/esp_efuse_fields.c", "C:/Users/Abdus/Documents/GitHub/esp-at/esp-idf/components/efuse/src/esp_efuse_utility.c", "C:/Users/Abdus/Documents/GitHub/esp-at/esp-idf/components/efuse/src/efuse_controller/keys/with_key_purposes/esp_efuse_api_key.c" ],
            "include_dirs": [ "include", "esp32c3/include" ]
        },
        "esp_app_format": {
            "alias": "idf::esp_app_format",
            "target": "___idf_esp_app_format",
            "prefix": "idf",
            "dir": "C:/Users/Abdus/Documents/GitHub/esp-at/esp-idf/components/esp_app_format",
            "type": "LIBRARY",
            "lib": "__idf_esp_app_format",
            "reqs": [],
            "priv_reqs": [],
            "managed_reqs": [],
            "managed_priv_reqs": [],
            "file": "C:/Users/Abdus/Documents/GitHub/esp-at/build/bootloader/esp-idf/esp_app_format/libesp_app_format.a",
            "sources": [ "C:/Users/Abdus/Documents/GitHub/esp-at/esp-idf/components/esp_app_format/esp_app_desc.c" ],
            "include_dirs": [ "include" ]
        },
        "esp_common": {
            "alias": "idf::esp_common",
            "target": "___idf_esp_common",
            "prefix": "idf",
            "dir": "C:/Users/Abdus/Documents/GitHub/esp-at/esp-idf/components/esp_common",
            "type": "LIBRARY",
            "lib": "__idf_esp_common",
            "reqs": [],
            "priv_reqs": [],
            "managed_reqs": [],
            "managed_priv_reqs": [],
            "file": "C:/Users/Abdus/Documents/GitHub/esp-at/build/bootloader/esp-idf/esp_common/libesp_common.a",
            "sources": [ "C:/Users/Abdus/Documents/GitHub/esp-at/esp-idf/components/esp_common/src/esp_err_to_name.c" ],
            "include_dirs": [ "include" ]
        },
        "esp_hw_support": {
            "alias": "idf::esp_hw_support",
            "target": "___idf_esp_hw_support",
            "prefix": "idf",
            "dir": "C:/Users/Abdus/Documents/GitHub/esp-at/esp-idf/components/esp_hw_support",
            "type": "LIBRARY",
            "lib": "__idf_esp_hw_support",
            "reqs": [ "soc" ],
            "priv_reqs": [ "efuse", "spi_flash", "bootloader_support", "esp_system" ],
            "managed_reqs": [],
            "managed_priv_reqs": [],
            "file": "C:/Users/Abdus/Documents/GitHub/esp-at/build/bootloader/esp-idf/esp_hw_support/libesp_hw_support.a",
            "sources": [ "C:/Users/Abdus/Documents/GitHub/esp-at/esp-idf/components/esp_hw_support/cpu.c", "C:/Users/Abdus/Documents/GitHub/esp-at/esp-idf/components/esp_hw_support/esp_memory_utils.c", "C:/Users/Abdus/Documents/GitHub/esp-at/esp-idf/components/esp_hw_support/port/esp32c3/rtc_clk_init.c", "C:/Users/Abdus/Documents/GitHub/esp-at/esp-idf/components/esp_hw_support/port/esp32c3/rtc_clk.c", "C:/Users/Abdus/Documents/GitHub/esp-at/esp-idf/components/esp_hw_support/port/esp32c3/rtc_init.c", "C:/Users/Abdus/Documents/GitHub/esp-at/esp-idf/components/esp_hw_support/port/esp32c3/rtc_pm.c", "C:/Users/Abdus/Documents/GitHub/esp-at/esp-idf/components/esp_hw_support/port/esp32c3/rtc_sleep.c", "C:/Users/Abdus/Documents/GitHub/esp-at/esp-idf/components/esp_hw_support/port/esp32c3/rtc_time.c", "C:/Users/Abdus/Documents/GitHub/esp-at/esp-idf/components/esp_hw_support/port/esp32c3/chip_info.c" ],
            "include_dirs": [ "include", "include/soc", "include/soc/esp32c3" ]
        },
        "esp_rom": {
            "alias": "idf::esp_rom",
            "target": "___idf_esp_rom",
            "prefix": "idf",
            "dir": "C:/Users/Abdus/Documents/GitHub/esp-at/esp-idf/components/esp_rom",
            "type": "LIBRARY",
            "lib": "__idf_esp_rom",
            "reqs": [],
            "priv_reqs": [ "soc", "hal" ],
            "managed_reqs": [],
            "managed_priv_reqs": [],
            "file": "C:/Users/Abdus/Documents/GitHub/esp-at/build/bootloader/esp-idf/esp_rom/libesp_rom.a",
            "sources": [ "C:/Users/Abdus/Documents/GitHub/esp-at/esp-idf/components/esp_rom/patches/esp_rom_crc.c", "C:/Users/Abdus/Documents/GitHub/esp-at/esp-idf/components/esp_rom/patches/esp_rom_sys.c", "C:/Users/Abdus/Documents/GitHub/esp-at/esp-idf/components/esp_rom/patches/esp_rom_uart.c", "C:/Users/Abdus/Documents/GitHub/esp-at/esp-idf/components/esp_rom/patches/esp_rom_spiflash.c", "C:/Users/Abdus/Documents/GitHub/esp-at/esp-idf/components/esp_rom/patches/esp_rom_regi2c.c", "C:/Users/Abdus/Documents/GitHub/esp-at/esp-idf/components/esp_rom/patches/esp_rom_efuse.c", "C:/Users/Abdus/Documents/GitHub/esp-at/esp-idf/components/esp_rom/patches/esp_rom_systimer.c", "C:/Users/Abdus/Documents/GitHub/esp-at/esp-idf/components/esp_rom/patches/esp_rom_mmap.c" ],
            "include_dirs": [ "include", "include/esp32c3", "esp32c3" ]
        },
        "esp_system": {
            "alias": "idf::esp_system",
            "target": "___idf_esp_system",
            "prefix": "idf",
            "dir": "C:/Users/Abdus/Documents/GitHub/esp-at/esp-idf/components/esp_system",
            "type": "LIBRARY",
            "lib": "__idf_esp_system",
            "reqs": [ "spi_flash" ],
            "priv_reqs": [],
            "managed_reqs": [],
            "managed_priv_reqs": [],
            "file": "C:/Users/Abdus/Documents/GitHub/esp-at/build/bootloader/esp-idf/esp_system/libesp_system.a",
            "sources": [ "C:/Users/Abdus/Documents/GitHub/esp-at/esp-idf/components/esp_system/esp_err.c" ],
            "include_dirs": []
        },
        "espressif__bootloader_support_plus": {
            "alias": "idf::espressif__bootloader_support_plus",
            "target": "___idf_espressif__bootloader_support_plus",
            "prefix": "idf",
            "dir": "C:/Users/Abdus/Documents/GitHub/esp-at/esp-idf/components/bootloader/subproject/managed_components/espressif__bootloader_support_plus",
            "type": "LIBRARY",
            "lib": "__idf_espressif__bootloader_support_plus",
            "reqs": [],
            "priv_reqs": [ "bootloader", "bootloader_support", "spi_flash", "espressif__cmake_utilities", "espressif__xz" ],
            "managed_reqs": [],
            "managed_priv_reqs": [ "espressif__cmake_utilities", "espressif__xz" ],
            "file": "C:/Users/Abdus/Documents/GitHub/esp-at/build/bootloader/esp-idf/espressif__bootloader_support_plus/libespressif__bootloader_support_plus.a",
            "sources": [ "C:/Users/Abdus/Documents/GitHub/esp-at/esp-idf/components/bootloader/subproject/managed_components/espressif__bootloader_support_plus/src/bootloader_custom_image_format.c", "C:/Users/Abdus/Documents/GitHub/esp-at/esp-idf/components/bootloader/subproject/managed_components/espressif__bootloader_support_plus/src/bootloader_custom_ota.c", "C:/Users/Abdus/Documents/GitHub/esp-at/esp-idf/components/bootloader/subproject/managed_components/espressif__bootloader_support_plus/src/bootloader_custom_utility.c", "C:/Users/Abdus/Documents/GitHub/esp-at/esp-idf/components/bootloader/subproject/managed_components/espressif__bootloader_support_plus/src/bootloader_custom_malloc.c", "C:/Users/Abdus/Documents/GitHub/esp-at/esp-idf/components/bootloader/subproject/managed_components/espressif__bootloader_support_plus/src/bootloader_decompressor_common.c", "C:/Users/Abdus/Documents/GitHub/esp-at/esp-idf/components/bootloader/subproject/managed_components/espressif__bootloader_support_plus/src/bootloader_storage_flash.c" ],
            "include_dirs": [ "include" ]
        },
        "espressif__cmake_utilities": {
            "alias": "idf::espressif__cmake_utilities",
            "target": "___idf_espressif__cmake_utilities",
            "prefix": "idf",
            "dir": "C:/Users/Abdus/Documents/GitHub/esp-at/esp-idf/components/bootloader/subproject/managed_components/espressif__cmake_utilities",
            "type": "CONFIG_ONLY",
            "lib": "__idf_espressif__cmake_utilities",
            "reqs": [],
            "priv_reqs": [],
            "managed_reqs": [],
            "managed_priv_reqs": [],
            "file": "",
            "sources": [],
            "include_dirs": []
        },
        "espressif__xz": {
            "alias": "idf::espressif__xz",
            "target": "___idf_espressif__xz",
            "prefix": "idf",
            "dir": "C:/Users/Abdus/Documents/GitHub/esp-at/esp-idf/components/bootloader/subproject/managed_components/espressif__xz",
            "type": "LIBRARY",
            "lib": "__idf_espressif__xz",
            "reqs": [],
            "priv_reqs": [],
            "managed_reqs": [],
            "managed_priv_reqs": [],
            "file": "C:/Users/Abdus/Documents/GitHub/esp-at/build/bootloader/esp-idf/espressif__xz/libespressif__xz.a",
            "sources": [ "C:/Users/Abdus/Documents/GitHub/esp-at/esp-idf/components/bootloader/subproject/managed_components/espressif__xz/src/xz_decompress.c", "C:/Users/Abdus/Documents/GitHub/esp-at/esp-idf/components/bootloader/subproject/managed_components/espressif__xz/xz-embedded/linux/lib/xz/xz_dec_bcj.c", "C:/Users/Abdus/Documents/GitHub/esp-at/esp-idf/components/bootloader/subproject/managed_components/espressif__xz/xz-embedded/linux/lib/xz/xz_dec_lzma2.c", "C:/Users/Abdus/Documents/GitHub/esp-at/esp-idf/components/bootloader/subproject/managed_components/espressif__xz/xz-embedded/linux/lib/xz/xz_dec_stream.c" ],
            "include_dirs": [ "include" ]
        },
        "esptool_py": {
            "alias": "idf::esptool_py",
            "target": "___idf_esptool_py",
            "prefix": "idf",
            "dir": "C:/Users/Abdus/Documents/GitHub/esp-at/esp-idf/components/esptool_py",
            "type": "CONFIG_ONLY",
            "lib": "__idf_esptool_py",
            "reqs": [ "bootloader" ],
            "priv_reqs": [ "partition_table" ],
            "managed_reqs": [],
            "managed_priv_reqs": [],
            "file": "",
            "sources": [],
            "include_dirs": []
        },
        "freertos": {
            "alias": "idf::freertos",
            "target": "___idf_freertos",
            "prefix": "idf",
            "dir": "C:/Users/Abdus/Documents/GitHub/esp-at/esp-idf/components/freertos",
            "type": "CONFIG_ONLY",
            "lib": "__idf_freertos",
            "reqs": [],
            "priv_reqs": [],
            "managed_reqs": [],
            "managed_priv_reqs": [],
            "file": "",
            "sources": [],
            "include_dirs": []
        },
        "hal": {
            "alias": "idf::hal",
            "target": "___idf_hal",
            "prefix": "idf",
            "dir": "C:/Users/Abdus/Documents/GitHub/esp-at/esp-idf/components/hal",
            "type": "LIBRARY",
            "lib": "__idf_hal",
            "reqs": [ "soc", "esp_rom" ],
            "priv_reqs": [],
            "managed_reqs": [],
            "managed_priv_reqs": [],
            "file": "C:/Users/Abdus/Documents/GitHub/esp-at/build/bootloader/esp-idf/hal/libhal.a",
            "sources": [ "C:/Users/Abdus/Documents/GitHub/esp-at/esp-idf/components/hal/mpu_hal.c", "C:/Users/Abdus/Documents/GitHub/esp-at/esp-idf/components/hal/efuse_hal.c", "C:/Users/Abdus/Documents/GitHub/esp-at/esp-idf/components/hal/esp32c3/efuse_hal.c", "C:/Users/Abdus/Documents/GitHub/esp-at/esp-idf/components/hal/mmu_hal.c", "C:/Users/Abdus/Documents/GitHub/esp-at/esp-idf/components/hal/wdt_hal_iram.c", "C:/Users/Abdus/Documents/GitHub/esp-at/esp-idf/components/hal/cache_hal.c" ],
            "include_dirs": [ "esp32c3/include", "include", "platform_port/include" ]
        },
        "log": {
            "alias": "idf::log",
            "target": "___idf_log",
            "prefix": "idf",
            "dir": "C:/Users/Abdus/Documents/GitHub/esp-at/esp-idf/components/log",
            "type": "LIBRARY",
            "lib": "__idf_log",
            "reqs": [],
            "priv_reqs": [ "soc", "hal", "esp_hw_support" ],
            "managed_reqs": [],
            "managed_priv_reqs": [],
            "file": "C:/Users/Abdus/Documents/GitHub/esp-at/build/bootloader/esp-idf/log/liblog.a",
            "sources": [ "C:/Users/Abdus/Documents/GitHub/esp-at/esp-idf/components/log/log.c", "C:/Users/Abdus/Documents/GitHub/esp-at/esp-idf/components/log/log_buffers.c", "C:/Users/Abdus/Documents/GitHub/esp-at/esp-idf/components/log/log_noos.c" ],
            "include_dirs": [ "include" ]
        },
        "main": {
            "alias": "idf::main",
            "target": "___idf_main",
            "prefix": "idf",
            "dir": "C:/Users/Abdus/Documents/GitHub/esp-at/bootloader_components/main",
            "type": "LIBRARY",
            "lib": "__idf_main",
            "reqs": [ "bootloader", "bootloader_support" ],
            "priv_reqs": [ "espressif__bootloader_support_plus" ],
            "managed_reqs": [],
            "managed_priv_reqs": [ "espressif__bootloader_support_plus" ],
            "file": "C:/Users/Abdus/Documents/GitHub/esp-at/build/bootloader/esp-idf/main/libmain.a",
            "sources": [ "C:/Users/Abdus/Documents/GitHub/esp-at/bootloader_components/main/bootloader_start.c" ],
            "include_dirs": []
        },
        "micro-ecc": {
            "alias": "idf::micro-ecc",
            "target": "___idf_micro-ecc",
            "prefix": "idf",
            "dir": "C:/Users/Abdus/Documents/GitHub/esp-at/esp-idf/components/bootloader/subproject/components/micro-ecc",
            "type": "LIBRARY",
            "lib": "__idf_micro-ecc",
            "reqs": [],
            "priv_reqs": [],
            "managed_reqs": [],
            "managed_priv_reqs": [],
            "file": "C:/Users/Abdus/Documents/GitHub/esp-at/build/bootloader/esp-idf/micro-ecc/libmicro-ecc.a",
            "sources": [ "C:/Users/Abdus/Documents/GitHub/esp-at/esp-idf/components/bootloader/subproject/components/micro-ecc/uECC_verify_antifault.c" ],
            "include_dirs": [ ".", "micro-ecc" ]
        },
        "newlib": {
            "alias": "idf::newlib",
            "target": "___idf_newlib",
            "prefix": "idf",
            "dir": "C:/Users/Abdus/Documents/GitHub/esp-at/esp-idf/components/newlib",
            "type": "CONFIG_ONLY",
            "lib": "__idf_newlib",
            "reqs": [],
            "priv_reqs": [],
            "managed_reqs": [],
            "managed_priv_reqs": [],
            "file": "",
            "sources": [],
            "include_dirs": [ "platform_include" ]
        },
        "partition_table": {
            "alias": "idf::partition_table",
            "target": "___idf_partition_table",
            "prefix": "idf",
            "dir": "C:/Users/Abdus/Documents/GitHub/esp-at/esp-idf/components/partition_table",
            "type": "CONFIG_ONLY",
            "lib": "__idf_partition_table",
            "reqs": [],
            "priv_reqs": [ "esptool_py" ],
            "managed_reqs": [],
            "managed_priv_reqs": [],
            "file": "",
            "sources": [],
            "include_dirs": []
        },
        "riscv": {
            "alias": "idf::riscv",
            "target": "___idf_riscv",
            "prefix": "idf",
            "dir": "C:/Users/Abdus/Documents/GitHub/esp-at/esp-idf/components/riscv",
            "type": "CONFIG_ONLY",
            "lib": "__idf_riscv",
            "reqs": [],
            "priv_reqs": [ "soc" ],
            "managed_reqs": [],
            "managed_priv_reqs": [],
            "file": "",
            "sources": [],
            "include_dirs": [ "include" ]
        },
        "soc": {
            "alias": "idf::soc",
            "target": "___idf_soc",
            "prefix": "idf",
            "dir": "C:/Users/Abdus/Documents/GitHub/esp-at/esp-idf/components/soc",
            "type": "LIBRARY",
            "lib": "__idf_soc",
            "reqs": [],
            "priv_reqs": [],
            "managed_reqs": [],
            "managed_priv_reqs": [],
            "file": "C:/Users/Abdus/Documents/GitHub/esp-at/build/bootloader/esp-idf/soc/libsoc.a",
            "sources": [ "C:/Users/Abdus/Documents/GitHub/esp-at/esp-idf/components/soc/lldesc.c", "C:/Users/Abdus/Documents/GitHub/esp-at/esp-idf/components/soc/dport_access_common.c", "C:/Users/Abdus/Documents/GitHub/esp-at/esp-idf/components/soc/esp32c3/adc_periph.c", "C:/Users/Abdus/Documents/GitHub/esp-at/esp-idf/components/soc/esp32c3/dedic_gpio_periph.c", "C:/Users/Abdus/Documents/GitHub/esp-at/esp-idf/components/soc/esp32c3/gdma_periph.c", "C:/Users/Abdus/Documents/GitHub/esp-at/esp-idf/components/soc/esp32c3/gpio_periph.c", "C:/Users/Abdus/Documents/GitHub/esp-at/esp-idf/components/soc/esp32c3/sdm_periph.c", "C:/Users/Abdus/Documents/GitHub/esp-at/esp-idf/components/soc/esp32c3/interrupts.c", "C:/Users/Abdus/Documents/GitHub/esp-at/esp-idf/components/soc/esp32c3/spi_periph.c", "C:/Users/Abdus/Documents/GitHub/esp-at/esp-idf/components/soc/esp32c3/ledc_periph.c", "C:/Users/Abdus/Documents/GitHub/esp-at/esp-idf/components/soc/esp32c3/rmt_periph.c", "C:/Users/Abdus/Documents/GitHub/esp-at/esp-idf/components/soc/esp32c3/i2s_periph.c", "C:/Users/Abdus/Documents/GitHub/esp-at/esp-idf/components/soc/esp32c3/i2c_periph.c", "C:/Users/Abdus/Documents/GitHub/esp-at/esp-idf/components/soc/esp32c3/uart_periph.c", "C:/Users/Abdus/Documents/GitHub/esp-at/esp-idf/components/soc/esp32c3/temperature_sensor_periph.c", "C:/Users/Abdus/Documents/GitHub/esp-at/esp-idf/components/soc/esp32c3/timer_periph.c" ],
            "include_dirs": [ "include" ]
        },
        "spi_flash": {
            "alias": "idf::spi_flash",
            "target": "___idf_spi_flash",
            "prefix": "idf",
            "dir": "C:/Users/Abdus/Documents/GitHub/esp-at/esp-idf/components/spi_flash",
            "type": "CONFIG_ONLY",
            "lib": "__idf_spi_flash",
            "reqs": [ "hal" ],
            "priv_reqs": [ "bootloader_support", "soc" ],
            "managed_reqs": [],
            "managed_priv_reqs": [],
            "file": "",
            "sources": [],
            "include_dirs": [ "include" ]
        }
    },
    "debug_prefix_map_gdbinit": ""
}
