{
    "write_flash_args" : [ "--flash_mode", "dio",
                           "--flash_size", "4MB",
                           "--flash_freq", "40m" ],
    "flash_settings" : {
        "flash_mode": "dio",
        "flash_size": "4MB",
        "flash_freq": "40m"
    },
    "flash_files" : {
        "0x0" : "bootloader/bootloader.bin",
        "0x60000" : "esp-at.bin",
        "0x8000" : "partition_table/partition-table.bin",
        "0xd000" : "ota_data_initial.bin",
        "0x1e000" : "at_customize.bin",
        "0x1f000" : "customized_partitions/mfg_nvs.bin"
    },
    "bootloader" : { "offset" : "0x0", "file" : "bootloader/bootloader.bin", "encrypted" : "false" },
    "app" : { "offset" : "0x60000", "file" : "esp-at.bin", "encrypted" : "false" },
    "partition-table" : { "offset" : "0x8000", "file" : "partition_table/partition-table.bin", "encrypted" : "false" },
    "otadata" : { "offset" : "0xd000", "file" : "ota_data_initial.bin", "encrypted" : "false" },
    "at_customize" : { "offset" : "0x1e000", "file" : "at_customize.bin", "encrypted" : "false" },
    "mfg_nvs" : { "offset" : "0x1f000", "file" : "customized_partitions/mfg_nvs.bin", "encrypted" : "false" },
    "extra_esptool_args" : {
        "after"  : "hard_reset",
        "before" : "default_reset",
        "stub"   : false,
        "chip"   : "esp32c3"
    }
}
