{
    "ADC_CALI_SUPPRESS_DEPRECATE_WARN": false,
    "ADC_CONTINUOUS_FORCE_USE_ADC2_ON_C3_S3": false,
    "ADC_CONTINUOUS_ISR_IRAM_SAFE": false,
    "ADC_ONESHOT_CTRL_FUNC_IN_IRAM": false,
    "ADC_ONESHOT_FORCE_USE_ADC2_ON_C3": false,
    "ADC_SUPPRESS_DEPRECATE_WARN": false,
    "APPTRACE_DEST_JTAG": false,
    "APPTRACE_DEST_NONE": true,
    "APPTRACE_DEST_UART1": false,
    "APPTRACE_DEST_UART_NONE": true,
    "APPTRACE_DEST_USB_CDC": false,
    "APPTRACE_LOCK_ENABLE": true,
    "APPTRACE_UART_TASK_PRIO": 1,
    "APP_BUILD_BOOTLOADER": true,
    "APP_BUILD_GENERATE_BINARIES": true,
    "APP_BUILD_TYPE_APP_2NDBOOT": true,
    "APP_BUILD_TYPE_ELF_RAM": false,
    "APP_BUILD_USE_FLASH_SECTIONS": true,
    "APP_COMPILE_TIME_DATE": true,
    "APP_EXCLUDE_PROJECT_NAME_VAR": false,
    "APP_EXCLUDE_PROJECT_VER_VAR": false,
    "APP_NO_BLOBS": false,
    "APP_PROJECT_VER_FROM_CONFIG": false,
    "APP_REPRODUCIBLE_BUILD": false,
    "APP_RETRIEVE_LEN_ELF_SHA": 16,
    "AT_BASE_COMMAND_SUPPORT": true,
    "AT_BASE_ON_SOCKET": false,
    "AT_BASE_ON_SPI": false,
    "AT_BASE_ON_UART": true,
    "AT_BLE_COMMAND_SUPPORT": true,
    "AT_BLE_HID_COMMAND_SUPPORT": true,
    "AT_BLUFI_COMMAND_SUPPORT": true,
    "AT_COMMAND_TERMINATOR_SUPPORT": false,
    "AT_CUSTOMIZED_PARTITION_TABLE_FILE": "module_config/module_esp32c3_default/at_customize.csv",
    "AT_CUSTOMIZED_PARTITION_TABLE_OFFSET": 122880,
    "AT_CUSTOMIZED_PARTITION_TABLE_SUPPORT": true,
    "AT_DEBUG": false,
    "AT_DRIVER_COMMAND_SUPPORT": false,
    "AT_EAP_COMMAND_SUPPORT": false,
    "AT_ENABLE": true,
    "AT_FS_COMMAND_SUPPORT": false,
    "AT_HTTP_COMMAND_SUPPORT": true,
    "AT_HTTP_RX_BUFFER_SIZE": 2048,
    "AT_HTTP_TX_BUFFER_SIZE": 2048,
    "AT_MDNS_COMMAND_SUPPORT": true,
    "AT_MQTT_BROKER_AUTH_CLIENT": true,
    "AT_MQTT_CLIENT_AUTH_BROKER": true,
    "AT_MQTT_COMMAND_SUPPORT": true,
    "AT_NET_COMMAND_SUPPORT": true,
    "AT_OTA_SERVER_IP": "iot.espressif.cn",
    "AT_OTA_SERVER_PORT": 80,
    "AT_OTA_SSL_SERVER_IP": "iot.espressif.cn",
    "AT_OTA_SSL_SERVER_PORT": 443,
    "AT_OTA_SSL_SUPPORT": true,
    "AT_OTA_SSL_TOKEN_KEY": "dd93253c287f725de50d4071a05dd28b72056ca7",
    "AT_OTA_SUPPORT": true,
    "AT_OTA_TOKEN_KEY": "dd93253c287f725de50d4071a05dd28b72056ca7",
    "AT_PING_COMMAND_SUPPORT": true,
    "AT_PROCESS_TASK_STACK_SIZE": 6144,
    "AT_RAINMAKER_COMMAND_SUPPORT": false,
    "AT_SIGNALING_COMMAND_SUPPORT": true,
    "AT_SMARTCONFIG_COMMAND_SUPPORT": true,
    "AT_SOCKET_MAX_CONN_NUM": 5,
    "AT_SOCKET_TASK_STACK_SIZE": 6144,
    "AT_SSL_CLIENT_CLIENT_AUTH_SERVER": true,
    "AT_SSL_CLIENT_SERVER_AUTH_CLIENT": true,
    "AT_SSL_SERVER_CLIENT_AUTH_SERVER": true,
    "AT_SSL_SERVER_SERVER_AUTH_CLIENT": true,
    "AT_UART_COMMAND_SUPPORT": true,
    "AT_UART_DEFAULT_DATABITS": 8,
    "AT_UART_DEFAULT_FLOW_CONTROL": 1,
    "AT_UART_DEFAULT_PARITY_BITS": 0,
    "AT_UART_DEFAULT_STOPBITS": 1,
    "AT_USERWKMCU_COMMAND_SUPPORT": true,
    "AT_USER_COMMAND_SUPPORT": true,
    "AT_WEB_SERVER_SUPPORT": false,
    "AT_WIFI_COMMAND_SUPPORT": true,
    "AT_WPS_COMMAND_SUPPORT": true,
    "AT_WS_COMMAND_SUPPORT": false,
    "BLE_MESH": false,
    "BOOTLOADER_APP_ROLLBACK_ENABLE": false,
    "BOOTLOADER_APP_TEST": false,
    "BOOTLOADER_COMPILER_OPTIMIZATION_DEBUG": false,
    "BOOTLOADER_COMPILER_OPTIMIZATION_NONE": false,
    "BOOTLOADER_COMPILER_OPTIMIZATION_PERF": false,
    "BOOTLOADER_COMPILER_OPTIMIZATION_SIZE": true,
    "BOOTLOADER_COMPRESSED_ENABLED": false,
    "BOOTLOADER_CUSTOM_DEBUG_ON": false,
    "BOOTLOADER_CUSTOM_RESERVE_RTC": false,
    "BOOTLOADER_FACTORY_RESET": false,
    "BOOTLOADER_FLASH_XMC_SUPPORT": true,
    "BOOTLOADER_LOG_LEVEL": 3,
    "BOOTLOADER_LOG_LEVEL_DEBUG": false,
    "BOOTLOADER_LOG_LEVEL_ERROR": false,
    "BOOTLOADER_LOG_LEVEL_INFO": true,
    "BOOTLOADER_LOG_LEVEL_NONE": false,
    "BOOTLOADER_LOG_LEVEL_VERBOSE": false,
    "BOOTLOADER_LOG_LEVEL_WARN": false,
    "BOOTLOADER_OFFSET_IN_FLASH": 0,
    "BOOTLOADER_REGION_PROTECTION_ENABLE": true,
    "BOOTLOADER_RESERVE_RTC_SIZE": 0,
    "BOOTLOADER_SKIP_VALIDATE_ALWAYS": false,
    "BOOTLOADER_SKIP_VALIDATE_IN_DEEP_SLEEP": false,
    "BOOTLOADER_SKIP_VALIDATE_ON_POWER_ON": false,
    "BOOTLOADER_VDDSDIO_BOOST_1_8V": false,
    "BOOTLOADER_VDDSDIO_BOOST_1_9V": true,
    "BOOTLOADER_WDT_DISABLE_IN_USER_CODE": false,
    "BOOTLOADER_WDT_ENABLE": true,
    "BOOTLOADER_WDT_TIME_MS": 9000,
    "BOOT_ROM_LOG_ALWAYS_OFF": false,
    "BOOT_ROM_LOG_ALWAYS_ON": true,
    "BOOT_ROM_LOG_ON_GPIO_HIGH": false,
    "BOOT_ROM_LOG_ON_GPIO_LOW": false,
    "BT_ACL_CONNECTIONS": 4,
    "BT_ALLOCATION_FROM_SPIRAM_FIRST": false,
    "BT_BLE_42_FEATURES_SUPPORTED": true,
    "BT_BLE_50_FEATURES_SUPPORTED": true,
    "BT_BLE_ACT_SCAN_REP_ADV_SCAN": false,
    "BT_BLE_ADV_DATA_LENGTH_ZERO_AUX": false,
    "BT_BLE_BLUFI_ENABLE": true,
    "BT_BLE_CCA_MODE": 0,
    "BT_BLE_CCA_MODE_HW": false,
    "BT_BLE_CCA_MODE_NONE": true,
    "BT_BLE_CCA_MODE_SW": false,
    "BT_BLE_DYNAMIC_ENV_MEMORY": true,
    "BT_BLE_ENABLED": true,
    "BT_BLE_ESTAB_LINK_CONN_TOUT": 30,
    "BT_BLE_HIGH_DUTY_ADV_INTERVAL": false,
    "BT_BLE_HOST_QUEUE_CONG_CHECK": false,
    "BT_BLE_RPA_TIMEOUT": 900,
    "BT_BLE_SMP_ENABLE": true,
    "BT_BLUEDROID_ENABLED": true,
    "BT_BLUEDROID_MEM_DEBUG": false,
    "BT_BLUEDROID_PINNED_TO_CORE": 0,
    "BT_BTC_TASK_STACK_SIZE": 3072,
    "BT_BTU_TASK_STACK_SIZE": 5120,
    "BT_CONTROLLER_DISABLED": false,
    "BT_CONTROLLER_ENABLED": true,
    "BT_CONTROLLER_ONLY": false,
    "BT_CTRL_ADV_DUP_FILT_MAX": 30,
    "BT_CTRL_AGC_RECORRECT_EN": false,
    "BT_CTRL_BLE_ADV_REPORT_DISCARD_THRSHOLD": 20,
    "BT_CTRL_BLE_ADV_REPORT_FLOW_CTRL_NUM": 100,
    "BT_CTRL_BLE_ADV_REPORT_FLOW_CTRL_SUPP": true,
    "BT_CTRL_BLE_MAX_ACT": 6,
    "BT_CTRL_BLE_MAX_ACT_EFF": 6,
    "BT_CTRL_BLE_MESH_SCAN_DUPL_EN": false,
    "BT_CTRL_BLE_SCAN_DUPL": true,
    "BT_CTRL_BLE_STATIC_ACL_TX_BUF_NB": 0,
    "BT_CTRL_CE_LENGTH_TYPE_CE": false,
    "BT_CTRL_CE_LENGTH_TYPE_EFF": 0,
    "BT_CTRL_CE_LENGTH_TYPE_ORIG": true,
    "BT_CTRL_CE_LENGTH_TYPE_SD": false,
    "BT_CTRL_COEX_PHY_CODED_TX_RX_TLIM_DIS": true,
    "BT_CTRL_COEX_PHY_CODED_TX_RX_TLIM_EFF": 0,
    "BT_CTRL_COEX_PHY_CODED_TX_RX_TLIM_EN": false,
    "BT_CTRL_DFT_TX_POWER_LEVEL_EFF": 11,
    "BT_CTRL_DFT_TX_POWER_LEVEL_N0": false,
    "BT_CTRL_DFT_TX_POWER_LEVEL_N12": false,
    "BT_CTRL_DFT_TX_POWER_LEVEL_N15": false,
    "BT_CTRL_DFT_TX_POWER_LEVEL_N18": false,
    "BT_CTRL_DFT_TX_POWER_LEVEL_N21": false,
    "BT_CTRL_DFT_TX_POWER_LEVEL_N24": false,
    "BT_CTRL_DFT_TX_POWER_LEVEL_N3": false,
    "BT_CTRL_DFT_TX_POWER_LEVEL_N6": false,
    "BT_CTRL_DFT_TX_POWER_LEVEL_N9": false,
    "BT_CTRL_DFT_TX_POWER_LEVEL_P12": false,
    "BT_CTRL_DFT_TX_POWER_LEVEL_P15": false,
    "BT_CTRL_DFT_TX_POWER_LEVEL_P18": false,
    "BT_CTRL_DFT_TX_POWER_LEVEL_P21": false,
    "BT_CTRL_DFT_TX_POWER_LEVEL_P3": false,
    "BT_CTRL_DFT_TX_POWER_LEVEL_P6": false,
    "BT_CTRL_DFT_TX_POWER_LEVEL_P9": true,
    "BT_CTRL_DUPL_SCAN_CACHE_REFRESH_PERIOD": 0,
    "BT_CTRL_HCI_MODE_UART_H4": false,
    "BT_CTRL_HCI_MODE_VHCI": true,
    "BT_CTRL_HCI_TL": 1,
    "BT_CTRL_HCI_TL_EFF": 1,
    "BT_CTRL_HW_CCA_EFF": 0,
    "BT_CTRL_HW_CCA_VAL": 20,
    "BT_CTRL_LPCLK_SEL_EXT_32K_XTAL": true,
    "BT_CTRL_LPCLK_SEL_MAIN_XTAL": false,
    "BT_CTRL_MAIN_XTAL_PU_DURING_LIGHT_SLEEP": false,
    "BT_CTRL_MODEM_SLEEP": true,
    "BT_CTRL_MODEM_SLEEP_MODE_1": true,
    "BT_CTRL_MODE_EFF": 1,
    "BT_CTRL_PINNED_TO_CORE": 0,
    "BT_CTRL_RX_ANTENNA_INDEX_0": true,
    "BT_CTRL_RX_ANTENNA_INDEX_1": false,
    "BT_CTRL_RX_ANTENNA_INDEX_EFF": 0,
    "BT_CTRL_SCAN_BACKOFF_UPPERLIMITMAX": false,
    "BT_CTRL_SCAN_DUPL_CACHE_SIZE": 100,
    "BT_CTRL_SCAN_DUPL_TYPE": 0,
    "BT_CTRL_SCAN_DUPL_TYPE_DATA": false,
    "BT_CTRL_SCAN_DUPL_TYPE_DATA_DEVICE": false,
    "BT_CTRL_SCAN_DUPL_TYPE_DEVICE": true,
    "BT_CTRL_SLEEP_CLOCK_EFF": 2,
    "BT_CTRL_SLEEP_MODE_EFF": 1,
    "BT_CTRL_TX_ANTENNA_INDEX_0": true,
    "BT_CTRL_TX_ANTENNA_INDEX_1": false,
    "BT_CTRL_TX_ANTENNA_INDEX_EFF": 0,
    "BT_ENABLED": true,
    "BT_GATTC_CACHE_NVS_FLASH": false,
    "BT_GATTC_CONNECT_RETRY_COUNT": 3,
    "BT_GATTC_ENABLE": true,
    "BT_GATTC_MAX_CACHE_CHAR": 40,
    "BT_GATTC_NOTIF_REG_MAX": 5,
    "BT_GATTS_APPEARANCE_WRITABLE": false,
    "BT_GATTS_DEVICE_NAME_WRITABLE": false,
    "BT_GATTS_ENABLE": true,
    "BT_GATTS_PPCP_CHAR_GAP": false,
    "BT_GATTS_ROBUST_CACHING_ENABLED": false,
    "BT_GATTS_SEND_SERVICE_CHANGE_AUTO": true,
    "BT_GATTS_SEND_SERVICE_CHANGE_MANUAL": false,
    "BT_GATTS_SEND_SERVICE_CHANGE_MODE": 0,
    "BT_GATT_MAX_SR_ATTRIBUTES": 100,
    "BT_GATT_MAX_SR_PROFILES": 8,
    "BT_MAX_DEVICE_NAME_LEN": 32,
    "BT_MULTI_CONNECTION_ENBALE": true,
    "BT_NIMBLE_ENABLED": false,
    "BT_SMP_ENABLE": true,
    "BT_SMP_SLAVE_CON_PARAMS_UPD_ENABLE": false,
    "BT_STACK_NO_LOG": true,
    "COMPILER_CXX_EXCEPTIONS": false,
    "COMPILER_CXX_RTTI": false,
    "COMPILER_DUMP_RTL_FILES": false,
    "COMPILER_FLOAT_LIB_FROM_GCCLIB": true,
    "COMPILER_HIDE_PATHS_MACROS": true,
    "COMPILER_OPTIMIZATION_ASSERTIONS_DISABLE": false,
    "COMPILER_OPTIMIZATION_ASSERTIONS_ENABLE": true,
    "COMPILER_OPTIMIZATION_ASSERTIONS_SILENT": false,
    "COMPILER_OPTIMIZATION_ASSERTION_LEVEL": 2,
    "COMPILER_OPTIMIZATION_CHECKS_SILENT": false,
    "COMPILER_OPTIMIZATION_DEFAULT": true,
    "COMPILER_OPTIMIZATION_NONE": false,
    "COMPILER_OPTIMIZATION_PERF": false,
    "COMPILER_OPTIMIZATION_SIZE": false,
    "COMPILER_SAVE_RESTORE_LIBCALLS": false,
    "COMPILER_STACK_CHECK_MODE_ALL": false,
    "COMPILER_STACK_CHECK_MODE_NONE": true,
    "COMPILER_STACK_CHECK_MODE_NORM": false,
    "COMPILER_STACK_CHECK_MODE_STRONG": false,
    "COMPILER_WARN_WRITE_STRINGS": false,
    "CU_DIAGNOSTICS_COLOR_ALWAYS": true,
    "CU_DIAGNOSTICS_COLOR_AUTO": false,
    "CU_DIAGNOSTICS_COLOR_NEVER": false,
    "CU_GCC_LTO_ENABLE": false,
    "CU_GCC_STRING_1BYTE_ALIGN": false,
    "CU_RELINKER_ENABLE": false,
    "DISABLE_AT_CUSTOMIZED_PARTITIOTN_TABLE": false,
    "EFUSE_CUSTOM_TABLE": false,
    "EFUSE_MAX_BLK_LEN": 256,
    "EFUSE_VIRTUAL": false,
    "ENABLE_LEGACY_ESP_BOOTLOADER_PLUS_V2_SUPPORT": false,
    "ESP32C3_REV_MAX_FULL": 199,
    "ESP32C3_REV_MIN_0": false,
    "ESP32C3_REV_MIN_1": false,
    "ESP32C3_REV_MIN_101": false,
    "ESP32C3_REV_MIN_2": false,
    "ESP32C3_REV_MIN_3": true,
    "ESP32C3_REV_MIN_4": false,
    "ESP32C3_REV_MIN_FULL": 3,
    "ESP32C3_UNIVERSAL_MAC_ADDRESSES": 4,
    "ESP32C3_UNIVERSAL_MAC_ADDRESSES_FOUR": true,
    "ESP32C3_UNIVERSAL_MAC_ADDRESSES_TWO": false,
    "ESP32_WIFI_AMPDU_RX_ENABLED": true,
    "ESP32_WIFI_AMPDU_TX_ENABLED": true,
    "ESP32_WIFI_CSI_ENABLED": false,
    "ESP32_WIFI_DYNAMIC_RX_BUFFER_NUM": 32,
    "ESP32_WIFI_DYNAMIC_TX_BUFFER": true,
    "ESP32_WIFI_DYNAMIC_TX_BUFFER_NUM": 32,
    "ESP32_WIFI_ENABLED": true,
    "ESP32_WIFI_ENABLE_WPA3_OWE_STA": true,
    "ESP32_WIFI_ENABLE_WPA3_SAE": true,
    "ESP32_WIFI_IRAM_OPT": true,
    "ESP32_WIFI_MGMT_SBUF_NUM": 32,
    "ESP32_WIFI_NVS_ENABLED": true,
    "ESP32_WIFI_RX_BA_WIN": 6,
    "ESP32_WIFI_RX_IRAM_OPT": true,
    "ESP32_WIFI_SOFTAP_BEACON_MAX_LEN": 752,
    "ESP32_WIFI_STATIC_RX_BUFFER_NUM": 10,
    "ESP32_WIFI_STATIC_TX_BUFFER": false,
    "ESP32_WIFI_SW_COEXIST_ENABLE": true,
    "ESP32_WIFI_TX_BA_WIN": 6,
    "ESP32_WIFI_TX_BUFFER_TYPE": 1,
    "ESPTOOLPY_AFTER": "hard_reset",
    "ESPTOOLPY_AFTER_NORESET": false,
    "ESPTOOLPY_AFTER_RESET": true,
    "ESPTOOLPY_BEFORE": "default_reset",
    "ESPTOOLPY_BEFORE_NORESET": false,
    "ESPTOOLPY_BEFORE_RESET": true,
    "ESPTOOLPY_FLASHFREQ": "40m",
    "ESPTOOLPY_FLASHFREQ_20M": false,
    "ESPTOOLPY_FLASHFREQ_26M": false,
    "ESPTOOLPY_FLASHFREQ_40M": true,
    "ESPTOOLPY_FLASHFREQ_80M": false,
    "ESPTOOLPY_FLASHMODE": "dio",
    "ESPTOOLPY_FLASHMODE_DIO": true,
    "ESPTOOLPY_FLASHMODE_DOUT": false,
    "ESPTOOLPY_FLASHMODE_QIO": false,
    "ESPTOOLPY_FLASHMODE_QOUT": false,
    "ESPTOOLPY_FLASHSIZE": "4MB",
    "ESPTOOLPY_FLASHSIZE_128MB": false,
    "ESPTOOLPY_FLASHSIZE_16MB": false,
    "ESPTOOLPY_FLASHSIZE_1MB": false,
    "ESPTOOLPY_FLASHSIZE_2MB": false,
    "ESPTOOLPY_FLASHSIZE_32MB": false,
    "ESPTOOLPY_FLASHSIZE_4MB": true,
    "ESPTOOLPY_FLASHSIZE_64MB": false,
    "ESPTOOLPY_FLASHSIZE_8MB": false,
    "ESPTOOLPY_FLASH_SAMPLE_MODE_STR": true,
    "ESPTOOLPY_HEADER_FLASHSIZE_UPDATE": false,
    "ESPTOOLPY_MONITOR_BAUD": 115200,
    "ESPTOOLPY_NO_STUB": true,
    "ESP_AT_FW_VERSION": "v3.3.1.0-dev",
    "ESP_BROWNOUT_DET": true,
    "ESP_BROWNOUT_DET_LVL": 7,
    "ESP_BROWNOUT_DET_LVL_SEL_2": false,
    "ESP_BROWNOUT_DET_LVL_SEL_3": false,
    "ESP_BROWNOUT_DET_LVL_SEL_4": false,
    "ESP_BROWNOUT_DET_LVL_SEL_5": false,
    "ESP_BROWNOUT_DET_LVL_SEL_6": false,
    "ESP_BROWNOUT_DET_LVL_SEL_7": true,
    "ESP_CONSOLE_NONE": false,
    "ESP_CONSOLE_SECONDARY_NONE": false,
    "ESP_CONSOLE_SECONDARY_USB_SERIAL_JTAG": true,
    "ESP_CONSOLE_UART": true,
    "ESP_CONSOLE_UART_BAUDRATE": 115200,
    "ESP_CONSOLE_UART_CUSTOM": false,
    "ESP_CONSOLE_UART_DEFAULT": true,
    "ESP_CONSOLE_UART_NUM": 0,
    "ESP_CONSOLE_USB_SERIAL_JTAG": false,
    "ESP_COREDUMP_ENABLE_TO_FLASH": false,
    "ESP_COREDUMP_ENABLE_TO_NONE": true,
    "ESP_COREDUMP_ENABLE_TO_UART": false,
    "ESP_DEBUG_OCDAWARE": false,
    "ESP_DEBUG_STUBS_ENABLE": false,
    "ESP_DEFAULT_CPU_FREQ_MHZ": 80,
    "ESP_DEFAULT_CPU_FREQ_MHZ_160": false,
    "ESP_DEFAULT_CPU_FREQ_MHZ_80": true,
    "ESP_ERR_TO_NAME_LOOKUP": false,
    "ESP_EVENT_LOOP_PROFILING": false,
    "ESP_EVENT_POST_FROM_IRAM_ISR": true,
    "ESP_EVENT_POST_FROM_ISR": true,
    "ESP_HTTPS_OTA_ALLOW_HTTP": true,
    "ESP_HTTPS_OTA_DECRYPT_CB": false,
    "ESP_HTTPS_SERVER_ENABLE": false,
    "ESP_HTTP_CLIENT_ENABLE_BASIC_AUTH": false,
    "ESP_HTTP_CLIENT_ENABLE_DIGEST_AUTH": false,
    "ESP_HTTP_CLIENT_ENABLE_HTTPS": true,
    "ESP_INT_WDT": true,
    "ESP_INT_WDT_TIMEOUT_MS": 300,
    "ESP_IPC_TASK_STACK_SIZE": 1024,
    "ESP_MAC_ADDR_UNIVERSE_BT": true,
    "ESP_MAC_ADDR_UNIVERSE_ETH": true,
    "ESP_MAC_ADDR_UNIVERSE_WIFI_AP": true,
    "ESP_MAC_ADDR_UNIVERSE_WIFI_STA": true,
    "ESP_MAIN_TASK_AFFINITY": 0,
    "ESP_MAIN_TASK_AFFINITY_CPU0": true,
    "ESP_MAIN_TASK_AFFINITY_NO_AFFINITY": false,
    "ESP_MAIN_TASK_STACK_SIZE": 3584,
    "ESP_MINIMAL_SHARED_STACK_SIZE": 2048,
    "ESP_NETIF_BRIDGE_EN": false,
    "ESP_NETIF_IP_LOST_TIMER_INTERVAL": 120,
    "ESP_NETIF_L2_TAP": false,
    "ESP_NETIF_LOOPBACK": false,
    "ESP_NETIF_RECEIVE_REPORT_ERRORS": false,
    "ESP_NETIF_TCPIP_LWIP": true,
    "ESP_PANIC_HANDLER_IRAM": false,
    "ESP_PHY_CALIBRATION_AND_DATA_STORAGE": true,
    "ESP_PHY_CALIBRATION_MODE": 0,
    "ESP_PHY_ENABLE_USB": true,
    "ESP_PHY_INIT_DATA_IN_PARTITION": false,
    "ESP_PHY_MAC_BB_PD": false,
    "ESP_PHY_MAX_TX_POWER": 20,
    "ESP_PHY_MAX_WIFI_TX_POWER": 20,
    "ESP_PHY_REDUCE_TX_POWER": false,
    "ESP_PHY_RF_CAL_FULL": false,
    "ESP_PHY_RF_CAL_NONE": false,
    "ESP_PHY_RF_CAL_PARTIAL": true,
    "ESP_PROTOCOMM_SUPPORT_SECURITY_VERSION_0": true,
    "ESP_PROTOCOMM_SUPPORT_SECURITY_VERSION_1": true,
    "ESP_PROTOCOMM_SUPPORT_SECURITY_VERSION_2": true,
    "ESP_REV_MAX_FULL": 199,
    "ESP_REV_MIN_FULL": 3,
    "ESP_ROM_GET_CLK_FREQ": true,
    "ESP_ROM_HAS_CRC_BE": true,
    "ESP_ROM_HAS_CRC_LE": true,
    "ESP_ROM_HAS_ERASE_0_REGION_BUG": true,
    "ESP_ROM_HAS_ETS_PRINTF_BUG": true,
    "ESP_ROM_HAS_JPEG_DECODE": true,
    "ESP_ROM_HAS_MZ_CRC32": true,
    "ESP_ROM_HAS_RETARGETABLE_LOCKING": true,
    "ESP_ROM_NEEDS_SET_CACHE_MMU_SIZE": true,
    "ESP_ROM_NEEDS_SWSETUP_WORKAROUND": true,
    "ESP_ROM_UART_CLK_IS_XTAL": true,
    "ESP_ROM_USB_SERIAL_DEVICE_NUM": 3,
    "ESP_SLEEP_FLASH_LEAKAGE_WORKAROUND": true,
    "ESP_SLEEP_GPIO_ENABLE_INTERNAL_RESISTORS": true,
    "ESP_SLEEP_GPIO_RESET_WORKAROUND": true,
    "ESP_SLEEP_MSPI_NEED_ALL_IO_PU": false,
    "ESP_SLEEP_POWER_DOWN_FLASH": false,
    "ESP_SLEEP_SYSTIMER_STALL_WORKAROUND": true,
    "ESP_SYSTEM_ALLOW_RTC_FAST_MEM_AS_HEAP": true,
    "ESP_SYSTEM_BROWNOUT_INTR": true,
    "ESP_SYSTEM_CHECK_INT_LEVEL_4": true,
    "ESP_SYSTEM_EVENT_QUEUE_SIZE": 32,
    "ESP_SYSTEM_EVENT_TASK_STACK_SIZE": 2304,
    "ESP_SYSTEM_GDBSTUB_RUNTIME": false,
    "ESP_SYSTEM_MEMPROT_FEATURE": true,
    "ESP_SYSTEM_MEMPROT_FEATURE_LOCK": true,
    "ESP_SYSTEM_PANIC_GDBSTUB": false,
    "ESP_SYSTEM_PANIC_PRINT_HALT": false,
    "ESP_SYSTEM_PANIC_PRINT_REBOOT": true,
    "ESP_SYSTEM_PANIC_SILENT_REBOOT": false,
    "ESP_SYSTEM_RTC_EXT_XTAL": true,
    "ESP_SYSTEM_RTC_EXT_XTAL_BOOTSTRAP_CYCLES": 0,
    "ESP_SYSTEM_RTC_FAST_MEM_AS_HEAP_DEPCHECK": true,
    "ESP_SYSTEM_SINGLE_CORE_MODE": true,
    "ESP_SYSTEM_USE_EH_FRAME": false,
    "ESP_TASK_WDT_CHECK_IDLE_TASK_CPU0": true,
    "ESP_TASK_WDT_EN": true,
    "ESP_TASK_WDT_INIT": true,
    "ESP_TASK_WDT_PANIC": true,
    "ESP_TASK_WDT_TIMEOUT_S": 60,
    "ESP_TIMER_IMPL_SYSTIMER": true,
    "ESP_TIMER_INTERRUPT_LEVEL": 1,
    "ESP_TIMER_PROFILING": false,
    "ESP_TIMER_SUPPORTS_ISR_DISPATCH_METHOD": false,
    "ESP_TIMER_TASK_STACK_SIZE": 3584,
    "ESP_TIME_FUNCS_USE_ESP_TIMER": true,
    "ESP_TIME_FUNCS_USE_RTC_TIMER": true,
    "ESP_TLS_CLIENT_SESSION_TICKETS": false,
    "ESP_TLS_INSECURE": true,
    "ESP_TLS_PSK_VERIFICATION": true,
    "ESP_TLS_SERVER": true,
    "ESP_TLS_SERVER_CERT_SELECT_HOOK": false,
    "ESP_TLS_SERVER_MIN_AUTH_MODE_OPTIONAL": false,
    "ESP_TLS_SERVER_SESSION_TICKETS": false,
    "ESP_TLS_SKIP_SERVER_CERT_VERIFY": true,
    "ESP_TLS_USE_DS_PERIPHERAL": true,
    "ESP_TLS_USING_MBEDTLS": true,
    "ESP_WIFI_DYNAMIC_RX_MGMT_BUF": 0,
    "ESP_WIFI_DYNAMIC_RX_MGMT_BUFFER": false,
    "ESP_WIFI_ENTERPRISE_SUPPORT": true,
    "ESP_WIFI_ESPNOW_MAX_ENCRYPT_NUM": 0,
    "ESP_WIFI_FTM_ENABLE": false,
    "ESP_WIFI_GCMP_SUPPORT": false,
    "ESP_WIFI_GMAC_SUPPORT": false,
    "ESP_WIFI_RX_MGMT_BUF_NUM_DEF": 5,
    "ESP_WIFI_SLP_BEACON_LOST_OPT": false,
    "ESP_WIFI_SLP_DEFAULT_MAX_ACTIVE_TIME": 10,
    "ESP_WIFI_SLP_DEFAULT_MIN_ACTIVE_TIME": 50,
    "ESP_WIFI_SLP_IRAM_OPT": true,
    "ESP_WIFI_SOFTAP_SUPPORT": true,
    "ESP_WIFI_STATIC_RX_MGMT_BUFFER": true,
    "ESP_WIFI_STA_DISCONNECTED_PM_ENABLE": true,
    "ESP_WIFI_WPS_PASSPHRASE": false,
    "ESP_WS_CLIENT_ENABLE_DYNAMIC_BUFFER": false,
    "ESP_XT_WDT": false,
    "ETH_ENABLED": true,
    "ETH_SPI_ETHERNET_DM9051": false,
    "ETH_SPI_ETHERNET_KSZ8851SNL": false,
    "ETH_SPI_ETHERNET_W5500": false,
    "ETH_TRANSMIT_MUTEX": false,
    "ETH_USE_OPENETH": false,
    "ETH_USE_SPI_ETHERNET": true,
    "FATFS_API_ENCODING_ANSI_OEM": true,
    "FATFS_API_ENCODING_UTF_8": false,
    "FATFS_AUTO_TYPE": true,
    "FATFS_CODEPAGE": 437,
    "FATFS_CODEPAGE_437": true,
    "FATFS_CODEPAGE_720": false,
    "FATFS_CODEPAGE_737": false,
    "FATFS_CODEPAGE_771": false,
    "FATFS_CODEPAGE_775": false,
    "FATFS_CODEPAGE_850": false,
    "FATFS_CODEPAGE_852": false,
    "FATFS_CODEPAGE_855": false,
    "FATFS_CODEPAGE_857": false,
    "FATFS_CODEPAGE_860": false,
    "FATFS_CODEPAGE_861": false,
    "FATFS_CODEPAGE_862": false,
    "FATFS_CODEPAGE_863": false,
    "FATFS_CODEPAGE_864": false,
    "FATFS_CODEPAGE_865": false,
    "FATFS_CODEPAGE_866": false,
    "FATFS_CODEPAGE_869": false,
    "FATFS_CODEPAGE_932": false,
    "FATFS_CODEPAGE_936": false,
    "FATFS_CODEPAGE_949": false,
    "FATFS_CODEPAGE_950": false,
    "FATFS_CODEPAGE_DYNAMIC": false,
    "FATFS_FAT12": false,
    "FATFS_FAT16": false,
    "FATFS_FS_LOCK": 0,
    "FATFS_LFN_HEAP": true,
    "FATFS_LFN_NONE": false,
    "FATFS_LFN_STACK": false,
    "FATFS_MAX_LFN": 255,
    "FATFS_PER_FILE_CACHE": true,
    "FATFS_SECTORS_PER_CLUSTER_1": true,
    "FATFS_SECTORS_PER_CLUSTER_128": false,
    "FATFS_SECTORS_PER_CLUSTER_16": false,
    "FATFS_SECTORS_PER_CLUSTER_2": false,
    "FATFS_SECTORS_PER_CLUSTER_32": false,
    "FATFS_SECTORS_PER_CLUSTER_4": false,
    "FATFS_SECTORS_PER_CLUSTER_64": false,
    "FATFS_SECTORS_PER_CLUSTER_8": false,
    "FATFS_SECTOR_1024": false,
    "FATFS_SECTOR_2048": false,
    "FATFS_SECTOR_4096": true,
    "FATFS_SECTOR_512": false,
    "FATFS_TIMEOUT_MS": 10000,
    "FATFS_USE_FASTSEEK": false,
    "FATFS_VOLUME_COUNT": 2,
    "FREERTOS_ASSERT_ON_UNTESTED_FUNCTION": true,
    "FREERTOS_CHECK_MUTEX_GIVEN_BY_OWNER": false,
    "FREERTOS_CHECK_PORT_CRITICAL_COMPLIANCE": false,
    "FREERTOS_CHECK_STACKOVERFLOW_CANARY": true,
    "FREERTOS_CHECK_STACKOVERFLOW_NONE": false,
    "FREERTOS_CHECK_STACKOVERFLOW_PTRVAL": false,
    "FREERTOS_CORETIMER_SYSTIMER_LVL1": true,
    "FREERTOS_CORETIMER_SYSTIMER_LVL3": false,
    "FREERTOS_ENABLE_BACKWARD_COMPATIBILITY": false,
    "FREERTOS_ENABLE_STATIC_TASK_CLEAN_UP": false,
    "FREERTOS_ENABLE_TASK_SNAPSHOT": true,
    "FREERTOS_GENERATE_RUN_TIME_STATS": false,
    "FREERTOS_HZ": 1000,
    "FREERTOS_IDLE_TASK_STACKSIZE": 1536,
    "FREERTOS_IDLE_TIME_BEFORE_SLEEP": 3,
    "FREERTOS_INTERRUPT_BACKTRACE": true,
    "FREERTOS_ISR_STACKSIZE": 1536,
    "FREERTOS_MAX_TASK_NAME_LEN": 16,
    "FREERTOS_NO_AFFINITY": 2147483647,
    "FREERTOS_OPTIMIZED_SCHEDULER": true,
    "FREERTOS_PLACE_FUNCTIONS_INTO_FLASH": true,
    "FREERTOS_PLACE_SNAPSHOT_FUNS_INTO_FLASH": true,
    "FREERTOS_QUEUE_REGISTRY_SIZE": 0,
    "FREERTOS_SMP": false,
    "FREERTOS_SUPPORT_STATIC_ALLOCATION": true,
    "FREERTOS_SYSTICK_USES_SYSTIMER": true,
    "FREERTOS_TASK_FUNCTION_WRAPPER": true,
    "FREERTOS_THREAD_LOCAL_STORAGE_POINTERS": 1,
    "FREERTOS_TICK_SUPPORT_SYSTIMER": true,
    "FREERTOS_TIMER_QUEUE_LENGTH": 10,
    "FREERTOS_TIMER_TASK_PRIORITY": 1,
    "FREERTOS_TIMER_TASK_STACK_DEPTH": 2048,
    "FREERTOS_UNICORE": true,
    "FREERTOS_USE_IDLE_HOOK": false,
    "FREERTOS_USE_TICKLESS_IDLE": true,
    "FREERTOS_USE_TICK_HOOK": false,
    "FREERTOS_USE_TRACE_FACILITY": false,
    "FREERTOS_WATCHPOINT_END_OF_STACK": false,
    "GDMA_CTRL_FUNC_IN_IRAM": false,
    "GDMA_ISR_IRAM_SAFE": false,
    "GPIO_CTRL_FUNC_IN_IRAM": false,
    "GPTIMER_CTRL_FUNC_IN_IRAM": false,
    "GPTIMER_ENABLE_DEBUG_LOG": false,
    "GPTIMER_ISR_IRAM_SAFE": false,
    "GPTIMER_SUPPRESS_DEPRECATE_WARN": false,
    "HAL_ASSERTION_DISABLE": false,
    "HAL_ASSERTION_ENABLE": false,
    "HAL_ASSERTION_EQUALS_SYSTEM": true,
    "HAL_ASSERTION_SILENT": false,
    "HAL_DEFAULT_ASSERTION_LEVEL": 2,
    "HEAP_ABORT_WHEN_ALLOCATION_FAILS": false,
    "HEAP_POISONING_COMPREHENSIVE": false,
    "HEAP_POISONING_DISABLED": true,
    "HEAP_POISONING_LIGHT": false,
    "HEAP_TRACING_OFF": true,
    "HEAP_TRACING_STANDALONE": false,
    "HEAP_TRACING_TOHOST": false,
    "HTTPD_ERR_RESP_NO_DELAY": true,
    "HTTPD_LOG_PURGE_DATA": false,
    "HTTPD_MAX_REQ_HDR_LEN": 1024,
    "HTTPD_MAX_URI_LEN": 1024,
    "HTTPD_PURGE_BUF_LEN": 32,
    "HTTPD_QUEUE_WORK_BLOCKING": false,
    "HTTPD_WS_SUPPORT": false,
    "I2S_ENABLE_DEBUG_LOG": false,
    "I2S_ISR_IRAM_SAFE": false,
    "I2S_SUPPRESS_DEPRECATE_WARN": false,
    "IDF_CMAKE": true,
    "IDF_FIRMWARE_CHIP_ID": 5,
    "IDF_TARGET": "esp32c3",
    "IDF_TARGET_ARCH": "riscv",
    "IDF_TARGET_ARCH_RISCV": true,
    "IDF_TARGET_ESP32C3": true,
    "LCD_ENABLE_DEBUG_LOG": false,
    "LCD_PANEL_IO_FORMAT_BUF_SIZE": 32,
    "LOG_COLORS": true,
    "LOG_DEFAULT_LEVEL": 1,
    "LOG_DEFAULT_LEVEL_DEBUG": false,
    "LOG_DEFAULT_LEVEL_ERROR": true,
    "LOG_DEFAULT_LEVEL_INFO": false,
    "LOG_DEFAULT_LEVEL_NONE": false,
    "LOG_DEFAULT_LEVEL_VERBOSE": false,
    "LOG_DEFAULT_LEVEL_WARN": false,
    "LOG_MAXIMUM_EQUALS_DEFAULT": true,
    "LOG_MAXIMUM_LEVEL": 1,
    "LOG_MAXIMUM_LEVEL_DEBUG": false,
    "LOG_MAXIMUM_LEVEL_INFO": false,
    "LOG_MAXIMUM_LEVEL_VERBOSE": false,
    "LOG_MAXIMUM_LEVEL_WARN": false,
    "LOG_TIMESTAMP_SOURCE_RTOS": true,
    "LOG_TIMESTAMP_SOURCE_SYSTEM": false,
    "LWIP_AUTOIP": false,
    "LWIP_BRIDGEIF_MAX_PORTS": 7,
    "LWIP_BROADCAST_PING": false,
    "LWIP_CHECKSUM_CHECK_ICMP": true,
    "LWIP_CHECKSUM_CHECK_IP": false,
    "LWIP_CHECKSUM_CHECK_UDP": false,
    "LWIP_CHECK_THREAD_SAFETY": false,
    "LWIP_DEBUG": false,
    "LWIP_DHCPS": true,
    "LWIP_DHCPS_LEASE_UNIT": 60,
    "LWIP_DHCPS_MAX_STATION_NUM": 8,
    "LWIP_DHCP_COARSE_TIMER_SECS": 1,
    "LWIP_DHCP_DISABLE_CLIENT_ID": false,
    "LWIP_DHCP_DISABLE_VENDOR_CLASS_ID": true,
    "LWIP_DHCP_DOES_ARP_CHECK": true,
    "LWIP_DHCP_GET_NTP_SRV": false,
    "LWIP_DHCP_OPTIONS_LEN": 68,
    "LWIP_DHCP_RESTORE_LAST_IP": false,
    "LWIP_DNS_SUPPORT_MDNS_QUERIES": true,
    "LWIP_ESP_GRATUITOUS_ARP": true,
    "LWIP_ESP_LWIP_ASSERT": true,
    "LWIP_ESP_MLDV6_REPORT": true,
    "LWIP_FORCE_ROUTER_FORWARDING": false,
    "LWIP_GARP_TMR_INTERVAL": 60,
    "LWIP_HOOK_IP6_INPUT_CUSTOM": false,
    "LWIP_HOOK_IP6_INPUT_DEFAULT": false,
    "LWIP_HOOK_IP6_INPUT_NONE": true,
    "LWIP_HOOK_IP6_ROUTE_CUSTOM": false,
    "LWIP_HOOK_IP6_ROUTE_DEFAULT": false,
    "LWIP_HOOK_IP6_ROUTE_NONE": true,
    "LWIP_HOOK_ND6_GET_GW_CUSTOM": false,
    "LWIP_HOOK_ND6_GET_GW_DEFAULT": false,
    "LWIP_HOOK_ND6_GET_GW_NONE": true,
    "LWIP_HOOK_NETCONN_EXT_RESOLVE_CUSTOM": false,
    "LWIP_HOOK_NETCONN_EXT_RESOLVE_DEFAULT": false,
    "LWIP_HOOK_NETCONN_EXT_RESOLVE_NONE": true,
    "LWIP_HOOK_TCP_ISN_CUSTOM": false,
    "LWIP_HOOK_TCP_ISN_DEFAULT": true,
    "LWIP_HOOK_TCP_ISN_NONE": false,
    "LWIP_ICMP": true,
    "LWIP_IP4_FRAG": true,
    "LWIP_IP4_REASSEMBLY": false,
    "LWIP_IP6_FRAG": true,
    "LWIP_IP6_REASSEMBLY": false,
    "LWIP_IPV6": true,
    "LWIP_IPV6_AUTOCONFIG": true,
    "LWIP_IPV6_DHCP6": false,
    "LWIP_IPV6_FORWARD": false,
    "LWIP_IPV6_MEMP_NUM_ND6_QUEUE": 3,
    "LWIP_IPV6_ND6_NUM_NEIGHBORS": 5,
    "LWIP_IPV6_NUM_ADDRESSES": 3,
    "LWIP_IPV6_RDNSS_MAX_DNS_SERVERS": 0,
    "LWIP_IP_DEFAULT_TTL": 64,
    "LWIP_IP_FORWARD": false,
    "LWIP_IRAM_OPTIMIZATION": false,
    "LWIP_L2_TO_L3_COPY": false,
    "LWIP_LOCAL_HOSTNAME": "espressif",
    "LWIP_LOOPBACK_MAX_PBUFS": 8,
    "LWIP_MAX_ACTIVE_TCP": 16,
    "LWIP_MAX_LISTENING_TCP": 16,
    "LWIP_MAX_RAW_PCBS": 16,
    "LWIP_MAX_SOCKETS": 10,
    "LWIP_MAX_UDP_PCBS": 16,
    "LWIP_MLDV6_TMR_INTERVAL": 40,
    "LWIP_MULTICAST_PING": false,
    "LWIP_ND6": true,
    "LWIP_NETBUF_RECVINFO": false,
    "LWIP_NETIF_API": false,
    "LWIP_NETIF_LOOPBACK": true,
    "LWIP_NETIF_STATUS_CALLBACK": false,
    "LWIP_NUM_NETIF_CLIENT_DATA": 0,
    "LWIP_PPP_SUPPORT": false,
    "LWIP_SLIP_SUPPORT": false,
    "LWIP_SNTP_MAX_SERVERS": 3,
    "LWIP_SNTP_UPDATE_DELAY": 3600000,
    "LWIP_SO_LINGER": true,
    "LWIP_SO_RCVBUF": true,
    "LWIP_SO_REUSE": true,
    "LWIP_SO_REUSE_RXTOALL": true,
    "LWIP_STATS": false,
    "LWIP_TCPIP_CORE_LOCKING": false,
    "LWIP_TCPIP_RECVMBOX_SIZE": 32,
    "LWIP_TCPIP_TASK_AFFINITY": 2147483647,
    "LWIP_TCPIP_TASK_AFFINITY_CPU0": false,
    "LWIP_TCPIP_TASK_AFFINITY_NO_AFFINITY": true,
    "LWIP_TCPIP_TASK_PRIO": 18,
    "LWIP_TCPIP_TASK_STACK_SIZE": 3072,
    "LWIP_TCP_FIN_WAIT_TIMEOUT": 20000,
    "LWIP_TCP_HIGH_SPEED_RETRANSMISSION": true,
    "LWIP_TCP_MAXRTX": 6,
    "LWIP_TCP_MSL": 60000,
    "LWIP_TCP_MSS": 1440,
    "LWIP_TCP_OOSEQ_MAX_PBUFS": 4,
    "LWIP_TCP_OOSEQ_TIMEOUT": 6,
    "LWIP_TCP_OVERSIZE_DISABLE": false,
    "LWIP_TCP_OVERSIZE_MSS": true,
    "LWIP_TCP_OVERSIZE_QUARTER_MSS": false,
    "LWIP_TCP_QUEUE_OOSEQ": true,
    "LWIP_TCP_RECVMBOX_SIZE": 6,
    "LWIP_TCP_RTO_TIME": 1500,
    "LWIP_TCP_SACK_OUT": false,
    "LWIP_TCP_SND_BUF_DEFAULT": 5760,
    "LWIP_TCP_SYNMAXRTX": 3,
    "LWIP_TCP_TMR_INTERVAL": 250,
    "LWIP_TCP_WND_DEFAULT": 5760,
    "LWIP_TIMERS_ONDEMAND": true,
    "LWIP_UDP_RECVMBOX_SIZE": 6,
    "LWIP_USE_ONLY_LWIP_SELECT": false,
    "MBEDTLS_AES_C": true,
    "MBEDTLS_AES_USE_INTERRUPT": true,
    "MBEDTLS_ASYMMETRIC_CONTENT_LEN": true,
    "MBEDTLS_ATCA_HW_ECDSA_SIGN": false,
    "MBEDTLS_ATCA_HW_ECDSA_VERIFY": false,
    "MBEDTLS_BLOWFISH_C": false,
    "MBEDTLS_CAMELLIA_C": false,
    "MBEDTLS_CCM_C": true,
    "MBEDTLS_CERTIFICATE_BUNDLE": true,
    "MBEDTLS_CERTIFICATE_BUNDLE_DEFAULT_CMN": false,
    "MBEDTLS_CERTIFICATE_BUNDLE_DEFAULT_FULL": true,
    "MBEDTLS_CERTIFICATE_BUNDLE_DEFAULT_NONE": false,
    "MBEDTLS_CERTIFICATE_BUNDLE_MAX_CERTS": 200,
    "MBEDTLS_CHACHA20_C": false,
    "MBEDTLS_CLIENT_SSL_SESSION_TICKETS": true,
    "MBEDTLS_CMAC_C": true,
    "MBEDTLS_CUSTOM_CERTIFICATE_BUNDLE": false,
    "MBEDTLS_CUSTOM_MEM_ALLOC": false,
    "MBEDTLS_DEBUG": false,
    "MBEDTLS_DEFAULT_MEM_ALLOC": false,
    "MBEDTLS_DES_C": false,
    "MBEDTLS_DHM_C": true,
    "MBEDTLS_DYNAMIC_BUFFER": true,
    "MBEDTLS_DYNAMIC_FREE_CA_CERT": true,
    "MBEDTLS_DYNAMIC_FREE_CONFIG_DATA": true,
    "MBEDTLS_ECDH_C": true,
    "MBEDTLS_ECDSA_C": true,
    "MBEDTLS_ECDSA_DETERMINISTIC": true,
    "MBEDTLS_ECJPAKE_C": false,
    "MBEDTLS_ECP_C": true,
    "MBEDTLS_ECP_DP_BP256R1_ENABLED": true,
    "MBEDTLS_ECP_DP_BP384R1_ENABLED": true,
    "MBEDTLS_ECP_DP_BP512R1_ENABLED": true,
    "MBEDTLS_ECP_DP_CURVE25519_ENABLED": true,
    "MBEDTLS_ECP_DP_SECP192K1_ENABLED": true,
    "MBEDTLS_ECP_DP_SECP192R1_ENABLED": true,
    "MBEDTLS_ECP_DP_SECP224K1_ENABLED": true,
    "MBEDTLS_ECP_DP_SECP224R1_ENABLED": true,
    "MBEDTLS_ECP_DP_SECP256K1_ENABLED": true,
    "MBEDTLS_ECP_DP_SECP256R1_ENABLED": true,
    "MBEDTLS_ECP_DP_SECP384R1_ENABLED": true,
    "MBEDTLS_ECP_DP_SECP521R1_ENABLED": true,
    "MBEDTLS_ECP_FIXED_POINT_OPTIM": true,
    "MBEDTLS_ECP_NIST_OPTIM": true,
    "MBEDTLS_ECP_RESTARTABLE": false,
    "MBEDTLS_GCM_C": true,
    "MBEDTLS_HARDWARE_AES": true,
    "MBEDTLS_HARDWARE_MPI": true,
    "MBEDTLS_HARDWARE_SHA": true,
    "MBEDTLS_HAVE_TIME": true,
    "MBEDTLS_HAVE_TIME_DATE": true,
    "MBEDTLS_HKDF_C": false,
    "MBEDTLS_INTERNAL_MEM_ALLOC": true,
    "MBEDTLS_KEY_EXCHANGE_DHE_PSK": true,
    "MBEDTLS_KEY_EXCHANGE_DHE_RSA": true,
    "MBEDTLS_KEY_EXCHANGE_ECDHE_ECDSA": true,
    "MBEDTLS_KEY_EXCHANGE_ECDHE_PSK": true,
    "MBEDTLS_KEY_EXCHANGE_ECDHE_RSA": true,
    "MBEDTLS_KEY_EXCHANGE_ECDH_ECDSA": true,
    "MBEDTLS_KEY_EXCHANGE_ECDH_RSA": true,
    "MBEDTLS_KEY_EXCHANGE_ELLIPTIC_CURVE": true,
    "MBEDTLS_KEY_EXCHANGE_PSK": true,
    "MBEDTLS_KEY_EXCHANGE_RSA": true,
    "MBEDTLS_KEY_EXCHANGE_RSA_PSK": true,
    "MBEDTLS_LARGE_KEY_SOFTWARE_MPI": true,
    "MBEDTLS_MPI_USE_INTERRUPT": true,
    "MBEDTLS_NIST_KW_C": false,
    "MBEDTLS_PEM_PARSE_C": true,
    "MBEDTLS_PEM_WRITE_C": true,
    "MBEDTLS_PKCS7_C": true,
    "MBEDTLS_PLATFORM_TIME_ALT": false,
    "MBEDTLS_POLY1305_C": false,
    "MBEDTLS_PSK_MODES": true,
    "MBEDTLS_RIPEMD160_C": false,
    "MBEDTLS_ROM_MD5": true,
    "MBEDTLS_SERVER_SSL_SESSION_TICKETS": true,
    "MBEDTLS_SHA512_C": true,
    "MBEDTLS_SSL_ALPN": true,
    "MBEDTLS_SSL_CONTEXT_SERIALIZATION": false,
    "MBEDTLS_SSL_IN_CONTENT_LEN": 16384,
    "MBEDTLS_SSL_KEEP_PEER_CERTIFICATE": false,
    "MBEDTLS_SSL_OUT_CONTENT_LEN": 4096,
    "MBEDTLS_SSL_PROTO_DTLS": false,
    "MBEDTLS_SSL_PROTO_GMTSSL1_1": false,
    "MBEDTLS_SSL_PROTO_TLS1_2": true,
    "MBEDTLS_SSL_RENEGOTIATION": true,
    "MBEDTLS_SSL_VARIABLE_BUFFER_LENGTH": false,
    "MBEDTLS_THREADING_C": false,
    "MBEDTLS_TLS_CLIENT": true,
    "MBEDTLS_TLS_CLIENT_ONLY": false,
    "MBEDTLS_TLS_DISABLED": false,
    "MBEDTLS_TLS_ENABLED": true,
    "MBEDTLS_TLS_SERVER": true,
    "MBEDTLS_TLS_SERVER_AND_CLIENT": true,
    "MBEDTLS_TLS_SERVER_ONLY": false,
    "MBEDTLS_X509_CRL_PARSE_C": true,
    "MBEDTLS_X509_CSR_PARSE_C": true,
    "MBEDTLS_X509_TRUSTED_CERT_CALLBACK": false,
    "MBEDTLS_XTEA_C": false,
    "MDNS_ACTION_QUEUE_LEN": 16,
    "MDNS_ENABLE_CONSOLE_CLI": true,
    "MDNS_ENABLE_DEBUG_PRINTS": false,
    "MDNS_MAX_INTERFACES": 3,
    "MDNS_MAX_SERVICES": 10,
    "MDNS_MULTIPLE_INSTANCE": true,
    "MDNS_NETWORKING_SOCKET": false,
    "MDNS_PREDEF_NETIF_AP": true,
    "MDNS_PREDEF_NETIF_ETH": true,
    "MDNS_PREDEF_NETIF_STA": true,
    "MDNS_RESPOND_REVERSE_QUERIES": false,
    "MDNS_SERVICE_ADD_TIMEOUT_MS": 2000,
    "MDNS_SKIP_SUPPRESSING_OWN_QUERIES": false,
    "MDNS_TASK_AFFINITY": 0,
    "MDNS_TASK_AFFINITY_CPU0": true,
    "MDNS_TASK_AFFINITY_NO_AFFINITY": false,
    "MDNS_TASK_PRIORITY": 1,
    "MDNS_TASK_STACK_SIZE": 4096,
    "MDNS_TIMER_PERIOD_MS": 100,
    "MMU_PAGE_MODE": "64KB",
    "MMU_PAGE_SIZE": 65536,
    "MMU_PAGE_SIZE_64KB": true,
    "MQTT_CUSTOM_OUTBOX": false,
    "MQTT_MSG_ID_INCREMENTAL": false,
    "MQTT_PROTOCOL_311": true,
    "MQTT_PROTOCOL_5": false,
    "MQTT_REPORT_DELETED_MESSAGES": false,
    "MQTT_SKIP_PUBLISH_IF_DISCONNECTED": false,
    "MQTT_TASK_CORE_SELECTION_ENABLED": false,
    "MQTT_TRANSPORT_SSL": true,
    "MQTT_TRANSPORT_WEBSOCKET": true,
    "MQTT_TRANSPORT_WEBSOCKET_SECURE": true,
    "MQTT_USE_CUSTOM_CONFIG": false,
    "NEWLIB_NANO_FORMAT": true,
    "NEWLIB_STDIN_LINE_ENDING_CR": true,
    "NEWLIB_STDIN_LINE_ENDING_CRLF": false,
    "NEWLIB_STDIN_LINE_ENDING_LF": false,
    "NEWLIB_STDOUT_LINE_ENDING_CR": false,
    "NEWLIB_STDOUT_LINE_ENDING_CRLF": true,
    "NEWLIB_STDOUT_LINE_ENDING_LF": false,
    "NEWLIB_TIME_SYSCALL_USE_HRT": false,
    "NEWLIB_TIME_SYSCALL_USE_NONE": false,
    "NEWLIB_TIME_SYSCALL_USE_RTC": false,
    "NEWLIB_TIME_SYSCALL_USE_RTC_HRT": true,
    "NVS_ASSERT_ERROR_CHECK": false,
    "OPENTHREAD_ENABLED": false,
    "PARTITION_TABLE_CUSTOM": true,
    "PARTITION_TABLE_CUSTOM_FILENAME": "module_config/module_esp32c3_default/partitions_at.csv",
    "PARTITION_TABLE_FILENAME": "module_config/module_esp32c3_default/partitions_at.csv",
    "PARTITION_TABLE_MD5": false,
    "PARTITION_TABLE_OFFSET": 32768,
    "PARTITION_TABLE_SINGLE_APP": false,
    "PARTITION_TABLE_SINGLE_APP_LARGE": false,
    "PARTITION_TABLE_TWO_OTA": false,
    "PERIPH_CTRL_FUNC_IN_IRAM": true,
    "PM_DFS_INIT_AUTO": false,
    "PM_ENABLE": true,
    "PM_POWER_DOWN_CPU_IN_LIGHT_SLEEP": true,
    "PM_PROFILING": false,
    "PM_RTOS_IDLE_OPT": false,
    "PM_SLP_DEFAULT_PARAMS_OPT": true,
    "PM_SLP_DISABLE_GPIO": true,
    "PM_SLP_IRAM_OPT": false,
    "PM_TRACE": false,
    "PTHREAD_STACK_MIN": 768,
    "PTHREAD_TASK_CORE_DEFAULT": -1,
    "PTHREAD_TASK_NAME_DEFAULT": "pthread",
    "PTHREAD_TASK_PRIO_DEFAULT": 5,
    "PTHREAD_TASK_STACK_SIZE_DEFAULT": 3072,
    "RINGBUF_PLACE_FUNCTIONS_INTO_FLASH": false,
    "RMT_ENABLE_DEBUG_LOG": false,
    "RMT_ISR_IRAM_SAFE": false,
    "RMT_RECV_FUNC_IN_IRAM": false,
    "RMT_SUPPRESS_DEPRECATE_WARN": false,
    "RTC_CLK_CAL_CYCLES": 1024,
    "RTC_CLK_SRC_EXT_CRYS": true,
    "RTC_CLK_SRC_EXT_OSC": false,
    "RTC_CLK_SRC_INT_8MD256": false,
    "RTC_CLK_SRC_INT_RC": false,
    "RTC_CLOCK_BBPLL_POWER_ON_WITH_USB": true,
    "SDM_CTRL_FUNC_IN_IRAM": false,
    "SDM_ENABLE_DEBUG_LOG": false,
    "SDM_SUPPRESS_DEPRECATE_WARN": false,
    "SECURE_BOOT": false,
    "SECURE_BOOT_V2_PREFERRED": true,
    "SECURE_BOOT_V2_RSA_SUPPORTED": true,
    "SECURE_FLASH_ENC_ENABLED": false,
    "SECURE_ROM_DL_MODE_ENABLED": true,
    "SECURE_SIGNED_APPS_NO_SECURE_BOOT": false,
    "SKIP_VALIDATE_CUSTOM_COMPRESSED_DATA": false,
    "SKIP_VALIDATE_CUSTOM_COMPRESSED_HEADER": false,
    "SOC_ADC_ARBITER_SUPPORTED": true,
    "SOC_ADC_ATTEN_NUM": 4,
    "SOC_ADC_CALIBRATION_V1_SUPPORTED": true,
    "SOC_ADC_DIGI_CONTROLLER_NUM": 1,
    "SOC_ADC_DIGI_DATA_BYTES_PER_CONV": 4,
    "SOC_ADC_DIGI_FILTER_NUM": 2,
    "SOC_ADC_DIGI_MAX_BITWIDTH": 12,
    "SOC_ADC_DIGI_MIN_BITWIDTH": 12,
    "SOC_ADC_DIGI_MONITOR_NUM": 2,
    "SOC_ADC_DIGI_RESULT_BYTES": 4,
    "SOC_ADC_DIG_CTRL_SUPPORTED": true,
    "SOC_ADC_DMA_SUPPORTED": true,
    "SOC_ADC_FILTER_SUPPORTED": true,
    "SOC_ADC_MAX_CHANNEL_NUM": 5,
    "SOC_ADC_MONITOR_SUPPORTED": true,
    "SOC_ADC_PATT_LEN_MAX": 8,
    "SOC_ADC_PERIPH_NUM": 2,
    "SOC_ADC_RTC_MAX_BITWIDTH": 12,
    "SOC_ADC_RTC_MIN_BITWIDTH": 12,
    "SOC_ADC_SAMPLE_FREQ_THRES_HIGH": 83333,
    "SOC_ADC_SAMPLE_FREQ_THRES_LOW": 611,
    "SOC_ADC_SUPPORTED": true,
    "SOC_AES_GDMA": true,
    "SOC_AES_SUPPORTED": true,
    "SOC_AES_SUPPORT_AES_128": true,
    "SOC_AES_SUPPORT_AES_256": true,
    "SOC_AES_SUPPORT_DMA": true,
    "SOC_APB_BACKUP_DMA": true,
    "SOC_ASYNC_MEMCPY_SUPPORTED": true,
    "SOC_BLE_50_SUPPORTED": true,
    "SOC_BLE_DEVICE_PRIVACY_SUPPORTED": true,
    "SOC_BLE_MESH_SUPPORTED": true,
    "SOC_BLE_SUPPORTED": true,
    "SOC_BROWNOUT_RESET_SUPPORTED": true,
    "SOC_BT_SUPPORTED": true,
    "SOC_CACHE_MEMORY_IBANK_SIZE": 16384,
    "SOC_COEX_HW_PTI": true,
    "SOC_CPU_BREAKPOINTS_NUM": 8,
    "SOC_CPU_CORES_NUM": 1,
    "SOC_CPU_HAS_FLEXIBLE_INTC": true,
    "SOC_CPU_INTR_NUM": 32,
    "SOC_CPU_WATCHPOINTS_NUM": 8,
    "SOC_CPU_WATCHPOINT_MAX_REGION_SIZE": 2147483648,
    "SOC_DEDICATED_GPIO_SUPPORTED": true,
    "SOC_DEDIC_GPIO_IN_CHANNELS_NUM": 8,
    "SOC_DEDIC_GPIO_OUT_CHANNELS_NUM": 8,
    "SOC_DEDIC_PERIPH_ALWAYS_ENABLE": true,
    "SOC_DIG_SIGN_SUPPORTED": true,
    "SOC_DS_KEY_CHECK_MAX_WAIT_US": 1100,
    "SOC_DS_KEY_PARAM_MD_IV_LENGTH": 16,
    "SOC_DS_SIGNATURE_MAX_BIT_LEN": 3072,
    "SOC_EFUSE_BLOCK9_KEY_PURPOSE_QUIRK": true,
    "SOC_EFUSE_DIS_DIRECT_BOOT": true,
    "SOC_EFUSE_DIS_PAD_JTAG": true,
    "SOC_EFUSE_DIS_USB_JTAG": true,
    "SOC_EFUSE_HAS_EFUSE_RST_BUG": true,
    "SOC_EFUSE_KEY_PURPOSE_FIELD": true,
    "SOC_EFUSE_REVOKE_BOOT_KEY_DIGESTS": true,
    "SOC_EFUSE_SECURE_BOOT_KEY_DIGESTS": 3,
    "SOC_EFUSE_SOFT_DIS_JTAG": true,
    "SOC_FLASH_ENCRYPTED_XTS_AES_BLOCK_MAX": 32,
    "SOC_FLASH_ENCRYPTION_XTS_AES": true,
    "SOC_FLASH_ENCRYPTION_XTS_AES_128": true,
    "SOC_FLASH_ENC_SUPPORTED": true,
    "SOC_GDMA_GROUPS": 1,
    "SOC_GDMA_PAIRS_PER_GROUP": 3,
    "SOC_GDMA_SUPPORTED": true,
    "SOC_GDMA_TX_RX_SHARE_INTERRUPT": true,
    "SOC_GPIO_DEEP_SLEEP_WAKE_VALID_GPIO_MASK": 0,
    "SOC_GPIO_PIN_COUNT": 22,
    "SOC_GPIO_PORT": 1,
    "SOC_GPIO_SUPPORTS_RTC_INDEPENDENT": true,
    "SOC_GPIO_SUPPORT_DEEPSLEEP_WAKEUP": true,
    "SOC_GPIO_SUPPORT_FORCE_HOLD": true,
    "SOC_GPIO_VALID_DIGITAL_IO_PAD_MASK": 4194240,
    "SOC_HMAC_SUPPORTED": true,
    "SOC_I2C_FIFO_LEN": 32,
    "SOC_I2C_NUM": 1,
    "SOC_I2C_SUPPORT_HW_CLR_BUS": true,
    "SOC_I2C_SUPPORT_RTC": true,
    "SOC_I2C_SUPPORT_SLAVE": true,
    "SOC_I2C_SUPPORT_XTAL": true,
    "SOC_I2S_HW_VERSION_2": true,
    "SOC_I2S_NUM": true,
    "SOC_I2S_SUPPORTED": true,
    "SOC_I2S_SUPPORTS_PCM": true,
    "SOC_I2S_SUPPORTS_PDM": true,
    "SOC_I2S_SUPPORTS_PDM_CODEC": true,
    "SOC_I2S_SUPPORTS_PDM_TX": true,
    "SOC_I2S_SUPPORTS_TDM": true,
    "SOC_LEDC_CHANNEL_NUM": 6,
    "SOC_LEDC_SUPPORT_APB_CLOCK": true,
    "SOC_LEDC_SUPPORT_FADE_STOP": true,
    "SOC_LEDC_SUPPORT_XTAL_CLOCK": true,
    "SOC_LEDC_TIMER_BIT_WIDE_NUM": 14,
    "SOC_MAC_BB_PD_MEM_SIZE": 192,
    "SOC_MEMPROT_CPU_PREFETCH_PAD_SIZE": 16,
    "SOC_MEMPROT_MEM_ALIGN_SIZE": 512,
    "SOC_MEMPROT_SUPPORTED": true,
    "SOC_MEMSPI_IS_INDEPENDENT": true,
    "SOC_MEMSPI_SRC_FREQ_20M_SUPPORTED": true,
    "SOC_MEMSPI_SRC_FREQ_26M_SUPPORTED": true,
    "SOC_MEMSPI_SRC_FREQ_40M_SUPPORTED": true,
    "SOC_MEMSPI_SRC_FREQ_80M_SUPPORTED": true,
    "SOC_MPI_SUPPORTED": true,
    "SOC_MPU_MIN_REGION_SIZE": 536870912,
    "SOC_MPU_REGIONS_MAX_NUM": 8,
    "SOC_PHY_DIG_REGS_MEM_SIZE": 21,
    "SOC_PM_SUPPORT_BT_PD": true,
    "SOC_PM_SUPPORT_BT_WAKEUP": true,
    "SOC_PM_SUPPORT_CPU_PD": true,
    "SOC_PM_SUPPORT_WIFI_PD": true,
    "SOC_PM_SUPPORT_WIFI_WAKEUP": true,
    "SOC_RMT_CHANNELS_PER_GROUP": 4,
    "SOC_RMT_GROUPS": 1,
    "SOC_RMT_MEM_WORDS_PER_CHANNEL": 48,
    "SOC_RMT_RX_CANDIDATES_PER_GROUP": 2,
    "SOC_RMT_SUPPORTED": true,
    "SOC_RMT_SUPPORT_APB": true,
    "SOC_RMT_SUPPORT_RC_FAST": true,
    "SOC_RMT_SUPPORT_RX_DEMODULATION": true,
    "SOC_RMT_SUPPORT_RX_PINGPONG": true,
    "SOC_RMT_SUPPORT_TX_ASYNC_STOP": true,
    "SOC_RMT_SUPPORT_TX_CARRIER_DATA_ONLY": true,
    "SOC_RMT_SUPPORT_TX_LOOP_COUNT": true,
    "SOC_RMT_SUPPORT_TX_SYNCHRO": true,
    "SOC_RMT_SUPPORT_XTAL": true,
    "SOC_RMT_TX_CANDIDATES_PER_GROUP": 2,
    "SOC_RSA_MAX_BIT_LEN": 3072,
    "SOC_RTCIO_PIN_COUNT": 0,
    "SOC_RTC_CNTL_CPU_PD_DMA_BUS_WIDTH": 128,
    "SOC_RTC_CNTL_CPU_PD_REG_FILE_NUM": 108,
    "SOC_RTC_FAST_MEM_SUPPORTED": true,
    "SOC_RTC_MEM_SUPPORTED": true,
    "SOC_RTC_SLOW_CLOCK_SUPPORT_8MD256": true,
    "SOC_SDM_CHANNELS_PER_GROUP": 4,
    "SOC_SDM_GROUPS": 1,
    "SOC_SDM_SUPPORTED": true,
    "SOC_SECURE_BOOT_SUPPORTED": true,
    "SOC_SECURE_BOOT_V2_RSA": true,
    "SOC_SHARED_IDCACHE_SUPPORTED": true,
    "SOC_SHA_DMA_MAX_BUFFER_SIZE": 3968,
    "SOC_SHA_GDMA": true,
    "SOC_SHA_SUPPORTED": true,
    "SOC_SHA_SUPPORT_DMA": true,
    "SOC_SHA_SUPPORT_RESUME": true,
    "SOC_SHA_SUPPORT_SHA1": true,
    "SOC_SHA_SUPPORT_SHA224": true,
    "SOC_SHA_SUPPORT_SHA256": true,
    "SOC_SPI_MAXIMUM_BUFFER_SIZE": 64,
    "SOC_SPI_MAX_CS_NUM": 6,
    "SOC_SPI_MAX_PRE_DIVIDER": 16,
    "SOC_SPI_MEM_SUPPORT_AUTO_RESUME": true,
    "SOC_SPI_MEM_SUPPORT_AUTO_SUSPEND": true,
    "SOC_SPI_MEM_SUPPORT_AUTO_WAIT_IDLE": true,
    "SOC_SPI_MEM_SUPPORT_CHECK_SUS": true,
    "SOC_SPI_MEM_SUPPORT_CONFIG_GPIO_BY_EFUSE": true,
    "SOC_SPI_MEM_SUPPORT_IDLE_INTR": true,
    "SOC_SPI_MEM_SUPPORT_SW_SUSPEND": true,
    "SOC_SPI_PERIPH_NUM": 2,
    "SOC_SPI_PERIPH_SUPPORT_CONTROL_DUMMY_OUT": true,
    "SOC_SPI_SLAVE_SUPPORT_SEG_TRANS": true,
    "SOC_SPI_SUPPORT_CD_SIG": true,
    "SOC_SPI_SUPPORT_CONTINUOUS_TRANS": true,
    "SOC_SPI_SUPPORT_DDRCLK": true,
    "SOC_SPI_SUPPORT_SLAVE_HD_VER2": true,
    "SOC_SUPPORTS_SECURE_DL_MODE": true,
    "SOC_SUPPORT_COEXISTENCE": true,
    "SOC_SUPPORT_SECURE_BOOT_REVOKE_KEY": true,
    "SOC_SYSTIMER_ALARM_MISS_COMPENSATE": true,
    "SOC_SYSTIMER_ALARM_NUM": 3,
    "SOC_SYSTIMER_BIT_WIDTH_HI": 20,
    "SOC_SYSTIMER_BIT_WIDTH_LO": 32,
    "SOC_SYSTIMER_COUNTER_NUM": 2,
    "SOC_SYSTIMER_FIXED_DIVIDER": true,
    "SOC_SYSTIMER_INT_LEVEL": true,
    "SOC_SYSTIMER_SUPPORTED": true,
    "SOC_TEMPERATURE_SENSOR_SUPPORT_FAST_RC": true,
    "SOC_TEMPERATURE_SENSOR_SUPPORT_XTAL": true,
    "SOC_TEMP_SENSOR_SUPPORTED": true,
    "SOC_TIMER_GROUPS": 2,
    "SOC_TIMER_GROUP_COUNTER_BIT_WIDTH": 54,
    "SOC_TIMER_GROUP_SUPPORT_APB": true,
    "SOC_TIMER_GROUP_SUPPORT_XTAL": true,
    "SOC_TIMER_GROUP_TIMERS_PER_GROUP": 1,
    "SOC_TIMER_GROUP_TOTAL_TIMERS": 2,
    "SOC_TWAI_BRP_MAX": 16384,
    "SOC_TWAI_BRP_MIN": 2,
    "SOC_TWAI_SUPPORTED": true,
    "SOC_TWAI_SUPPORTS_RX_STATUS": true,
    "SOC_UART_BITRATE_MAX": 5000000,
    "SOC_UART_FIFO_LEN": 128,
    "SOC_UART_NUM": 2,
    "SOC_UART_REQUIRE_CORE_RESET": true,
    "SOC_UART_SUPPORT_APB_CLK": true,
    "SOC_UART_SUPPORT_FSM_TX_WAIT_SEND": true,
    "SOC_UART_SUPPORT_RTC_CLK": true,
    "SOC_UART_SUPPORT_WAKEUP_INT": true,
    "SOC_UART_SUPPORT_XTAL_CLK": true,
    "SOC_USB_SERIAL_JTAG_SUPPORTED": true,
    "SOC_WIFI_CSI_SUPPORT": true,
    "SOC_WIFI_FTM_SUPPORT": true,
    "SOC_WIFI_GCMP_SUPPORT": true,
    "SOC_WIFI_HW_TSF": true,
    "SOC_WIFI_LIGHT_SLEEP_CLK_WIDTH": 12,
    "SOC_WIFI_MESH_SUPPORT": true,
    "SOC_WIFI_SUPPORTED": true,
    "SOC_WIFI_WAPI_SUPPORT": true,
    "SOC_XTAL_SUPPORT_40M": true,
    "SOC_XT_WDT_SUPPORTED": true,
    "SPIFFS_API_DBG": false,
    "SPIFFS_CACHE": true,
    "SPIFFS_CACHE_DBG": false,
    "SPIFFS_CACHE_STATS": false,
    "SPIFFS_CACHE_WR": true,
    "SPIFFS_CHECK_DBG": false,
    "SPIFFS_DBG": false,
    "SPIFFS_FOLLOW_SYMLINKS": false,
    "SPIFFS_GC_DBG": false,
    "SPIFFS_GC_MAX_RUNS": 10,
    "SPIFFS_GC_STATS": false,
    "SPIFFS_MAX_PARTITIONS": 3,
    "SPIFFS_META_LENGTH": 4,
    "SPIFFS_OBJ_NAME_LEN": 32,
    "SPIFFS_PAGE_CHECK": true,
    "SPIFFS_PAGE_SIZE": 256,
    "SPIFFS_TEST_VISUALISATION": false,
    "SPIFFS_USE_MAGIC": true,
    "SPIFFS_USE_MAGIC_LENGTH": true,
    "SPIFFS_USE_MTIME": true,
    "SPI_FLASH_AUTO_SUSPEND": false,
    "SPI_FLASH_BROWNOUT_RESET": true,
    "SPI_FLASH_BROWNOUT_RESET_XMC": true,
    "SPI_FLASH_BYPASS_BLOCK_ERASE": false,
    "SPI_FLASH_CHECK_ERASE_TIMEOUT_DISABLED": false,
    "SPI_FLASH_DANGEROUS_WRITE_ABORTS": true,
    "SPI_FLASH_DANGEROUS_WRITE_ALLOWED": false,
    "SPI_FLASH_DANGEROUS_WRITE_FAILS": false,
    "SPI_FLASH_ENABLE_COUNTERS": false,
    "SPI_FLASH_ENABLE_ENCRYPTED_READ_WRITE": true,
    "SPI_FLASH_ERASE_YIELD_DURATION_MS": 20,
    "SPI_FLASH_ERASE_YIELD_TICKS": 1,
    "SPI_FLASH_HAS_ROM_IMPL": true,
    "SPI_FLASH_OVERRIDE_CHIP_DRIVER_LIST": false,
    "SPI_FLASH_ROM_DRIVER_PATCH": true,
    "SPI_FLASH_ROM_IMPL": false,
    "SPI_FLASH_SHARE_SPI1_BUS": false,
    "SPI_FLASH_SIZE_OVERRIDE": false,
    "SPI_FLASH_SUPPORT_BOYA_CHIP": true,
    "SPI_FLASH_SUPPORT_GD_CHIP": true,
    "SPI_FLASH_SUPPORT_ISSI_CHIP": true,
    "SPI_FLASH_SUPPORT_MXIC_CHIP": true,
    "SPI_FLASH_SUPPORT_TH_CHIP": true,
    "SPI_FLASH_SUPPORT_WINBOND_CHIP": true,
    "SPI_FLASH_VERIFY_WRITE": false,
    "SPI_FLASH_WRITE_CHUNK_SIZE": 8192,
    "SPI_FLASH_YIELD_DURING_ERASE": true,
    "SPI_MASTER_IN_IRAM": false,
    "SPI_MASTER_ISR_IN_IRAM": true,
    "SPI_SLAVE_IN_IRAM": false,
    "SPI_SLAVE_ISR_IN_IRAM": true,
    "TEMP_SENSOR_ENABLE_DEBUG_LOG": false,
    "TEMP_SENSOR_SUPPRESS_DEPRECATE_WARN": false,
    "TWAI_ERRATA_FIX_LISTEN_ONLY_DOM": true,
    "TWAI_ISR_IN_IRAM": false,
    "UART_ISR_IN_IRAM": false,
    "UNITY_ENABLE_64BIT": false,
    "UNITY_ENABLE_BACKTRACE_ON_FAIL": false,
    "UNITY_ENABLE_COLOR": false,
    "UNITY_ENABLE_DOUBLE": true,
    "UNITY_ENABLE_FIXTURE": false,
    "UNITY_ENABLE_FLOAT": true,
    "UNITY_ENABLE_IDF_TEST_RUNNER": true,
    "VFS_SEMIHOSTFS_MAX_MOUNT_POINTS": 1,
    "VFS_SUPPORT_DIR": true,
    "VFS_SUPPORT_IO": true,
    "VFS_SUPPORT_SELECT": true,
    "VFS_SUPPORT_TERMIOS": false,
    "VFS_SUPPRESS_SELECT_DEBUG_OUTPUT": true,
    "WIFI_PROV_AUTOSTOP_TIMEOUT": 30,
    "WIFI_PROV_BLE_BONDING": false,
    "WIFI_PROV_BLE_FORCE_ENCRYPTION": false,
    "WIFI_PROV_KEEP_BLE_ON_AFTER_PROV": false,
    "WIFI_PROV_SCAN_MAX_ENTRIES": 16,
    "WIFI_PROV_STA_ALL_CHANNEL_SCAN": true,
    "WIFI_PROV_STA_FAST_SCAN": false,
    "WL_SECTOR_MODE": 1,
    "WL_SECTOR_MODE_PERF": false,
    "WL_SECTOR_MODE_SAFE": true,
    "WL_SECTOR_SIZE": 512,
    "WL_SECTOR_SIZE_4096": false,
    "WL_SECTOR_SIZE_512": true,
    "WPA_11KV_SUPPORT": false,
    "WPA_11R_SUPPORT": false,
    "WPA_DEBUG_PRINT": false,
    "WPA_DPP_SUPPORT": false,
    "WPA_MBEDTLS_CRYPTO": true,
    "WPA_MBEDTLS_TLS_CLIENT": true,
    "WPA_MBO_SUPPORT": false,
    "WPA_SUITE_B_192": false,
    "WPA_TESTING_OPTIONS": false,
    "WPA_WAPI_PSK": false,
    "WPA_WPS_SOFTAP_REGISTRAR": false,
    "WPA_WPS_STRICT": false,
    "WS_BUFFER_SIZE": 1024,
    "WS_DYNAMIC_BUFFER": false,
    "WS_TRANSPORT": true,
    "XTAL_FREQ": 40,
    "XTAL_FREQ_40": true
}